OBJNAME,OBJNAME_SOURCE,GAIAID,GAIAID_SOURCE,RA,RA_SOURCE,DEC,DEC_SOURCE,PMRA,PMRA_SOURCE,PMDE,PMDE_SOURCE,PLX,PLX_SOURCE,RV,RV_SOURCE,GMAG,GMAG_SOURCE,BPMAG,BPMAG_SOURCE,RPMAG,RPMAG_SOURCE,EPOCH,EPOCH_SOURCE,TEFF,TEFF_SOURCE,ALIASES,ALIASES_SOURCE,USED
GJ3378,input,999747822484300800,gaia-query-id-gsheet,90.29513018048799,gaia-query-id-input,59.593191709079804,gaia-query-id-input,-104.92360133935729,gaia-query-id-input,-928.7563317721102,gaia-query-id-input,129.45887126938604,gaia-query-id-input,NAN,input,10.408431053161621,gaia-query-id-input,12.008722305297852,gaia-query-id-input,9.211174011230469,gaia-query-id-input,2015.5,gaia-query-id-input,NAN,input,GJ3378|LHS  1805|G 192-13|GJ  3378|LFT  443|L 1813-21|LP   86-137|LSPM J0601+5935|LTT 11755|2MASS J06011106+5935508|NLTT 15885|8pc 132.10|PLX 1373.01|PM J06011+5935|USNO-B1.0 1495-00160060|WISEA J060110.89+593540.3|[RHG95]   998|Gaia DR2 999747822484300800,SIMBAD,1
GL251,input,939072613334579328,gaia-query-id-gsheet,103.70024991580382,gaia-query-id-input,33.26646324838446,gaia-query-id-input,-726.3942419021198,gaia-query-id-input,-398.13404749972705,gaia-query-id-input,179.164208148064,gaia-query-id-input,NAN,input,8.855180740356445,gaia-query-id-input,10.277986526489258,gaia-query-id-input,7.713395118713379,gaia-query-id-input,2015.5,gaia-query-id-input,NAN,input,GL251|LHS  1879|AC +33 25644|ASCC  574333|Ci 20  400|CSI+33-06516|GCRV  4506|GEN# +9.80087012|GEN# +6.10010251|G  87-12|G 103-68|GJ   251|HD 265866|HIC  33226|HIP  33226|IRAS 06515+3320|JP11  5122|JP11  5121|JP11  5123|JP11  5120|Karmn J06548+332|LFT  497|LSPM J0654+3316|LTT 11941|2MASS J06544902+3316058|MCC 482|NLTT 17147|8pc 181.32|PLX 1609|PLX 1609.00|PM J06548+3316|StKM 2-440|TYC 2441-572-1|UBV M  42939|UCAC2  43431171|UCAC4 617-038292|USNO-B1.0 1232-00178536|WEB  6685|WISEA J065448.38+331601.2|Wolf  294|Zkh  95|[RHG95]  1094|Gaia DR2 939072613334579328|Gaia DR1 939072609037892224,SIMBAD,1
GJ1105,input,922225002820369152,gaia-query-id-gsheet,119.55416818532466,gaia-query-id-input,41.30073793715854,gaia-query-id-input,217.00386745248485,gaia-query-id-input,-687.7614290810731,gaia-query-id-input,113.08969444521574,gaia-query-id-input,NAN,input,10.6655912399292,gaia-query-id-input,12.260366439819336,gaia-query-id-input,9.465142250061035,gaia-query-id-input,2015.5,gaia-query-id-input,NAN,input,GJ1105|LHS  1963|ASCC  402755|GEN# +9.80111047|G 111-47|GJ  1105|HIC  38956|HIP  38956|Karmn J07582+413|LSPM J0758+4118|2MASS J07581269+4118134|NLTT 18699|PLX 1875.01|PM J07582+4118|TYC 2968-1142-1|UBV M  53745|UCAC2  46137824|UCAC4 657-049582|USNO-B1.0 1313-00192853|USNO 133|Zkh 115|[RHG95]  1247|Gaia DR2 922225002820369152,SIMBAD,1
33LYN,input,909820931110880640,gaia-query-id-gsheet,128.68271394771872,gaia-query-id-input,36.419444821646266,gaia-query-id-input,-26.116616005680054,gaia-query-id-input,-40.89996873740448,gaia-query-id-input,9.9952731036868,gaia-query-id-input,NAN,input,5.730706214904785,gaia-query-id-input,5.770686149597168,gaia-query-id-input,5.689286231994629,gaia-query-id-input,2015.5,gaia-query-id-input,NAN,input,33LYN|*  33 Lyn|AG+36  857|BD+36  1840|GC 11744|GCRV  5634|GEN# +1.00072524|GSC 02489-02141|HD  72524|HIC  42090|HIP  42090|HR  3377|2MASS J08344388+3625107|PPM  73821|Renson 20100|SAO  60907|SKY# 16381|TD1 12658|TYC 2489-2141-1|UBV    8134|UBV M  14440|uvby98 100072524|WEB  8092|Gaia DR2 909820931110880640,SIMBAD,1
GJ1151,input,786834302079285632,gaia-query-id-gsheet,177.73048660466137,gaia-query-id-input,48.373233441763595,gaia-query-id-input,-1545.7036687908674,gaia-query-id-input,-962.8160740980868,gaia-query-id-input,124.40735133330487,gaia-query-id-input,NAN,input,11.693838119506836,gaia-query-id-input,13.553186416625977,gaia-query-id-input,10.406258583068848,gaia-query-id-input,2015.5,gaia-query-id-input,NAN,input,GJ1151|LHS   316|GALEX 3858637239337622240|GEN# +9.80122049|G 122-49|GJ  1151|ILT J115055.50+482225.2|Karmn J11509+483|LSPM J1150+4822|2MASS J11505787+4822395|NLTT 28752|PLX 2739.01|PM 11485+4840|PM J11509+4822|StKM 2-769|UBV M  53759|USNO-B1.0 1383-00239712|USNO 144|WISEA J115056.09+482228.4|Zkh 171|[RHG95]  1854|Gaia DR2 786834302079285632,SIMBAD,1
GL412A,input,778947608243864320,gaia-query-id-gsheet,166.35292095513066,gaia-query-id-input,43.525774119754225,gaia-query-id-input,-4339.890561649546,gaia-query-id-input,960.7803929914886,gaia-query-id-input,204.05915550532745,gaia-query-id-input,NAN,input,12.274656295776367,gaia-query-id-input,14.73934555053711,gaia-query-id-input,10.870428085327148,gaia-query-id-input,2015.5,gaia-query-id-input,NAN,input,GL412A|BD+44  2051B|** VBS   18B|AKARI-IRC-V1 J1105281+433123|CCDM J11055+4332B|CSI+44  2051  2|1E 1103.0+4346|2E  2394|2E 1102.8+4347|GEN# +0.04402051B|G 176-12|GJ   412 B|JP11   180|JP11   181|Karmn J11055+435|LFT  758|LHS    39|LSPM J1105+4331E|LTT 12977|2MASS J11053133+4331170|NAME PM I11055+4331|NLTT 26247|8pc 206.94B|PM 11030+4347|PM J11055+4331|RX J1105.5+4331|1RXS J110534.5+433120|UCAC2  46827683|USNO-B1.0 1335-00220269|USNO 719|V* WX UMa|WDS J11055+4332B|WISEA J110526.65+433128.1|WISE J110526.74+433128.0|Zkh 151|[GKL99] 234|[RHG95]  1724|[ZEH2003] RX J1105.5+4331  2|Gaia DR2 778947608243864320,SIMBAD,1
LP214-26,input,777005625896147072,gaia-query-id-gsheet,166.0651983837998,gaia-query-id-input,40.00421267131107,gaia-query-id-input,-200.26725831983097,gaia-query-id-input,-104.09808643148769,gaia-query-id-input,32.91811735286988,gaia-query-id-input,28.736661946135055,gaia-query-id-input,10.15965461730957,gaia-query-id-input,10.99109935760498,gaia-query-id-input,9.20760440826416,gaia-query-id-input,2015.5,gaia-query-id-input,NAN,input,LP214-26|GJ  3640|ASCC  407561|GSC 03010-01216|HAT 183-00175|HIC  54105|HIP  54105|LP  214-26|LSPM J1104+4000|2MASS J11041590+4000165|NLTT 26156|PM J11042+4000|StKM 2-696|TYC 3010-1216-1|UCAC2  45825243|UCAC4 651-050998|USNO-B1.0 1300-00210749|WISEA J110415.71+400015.8|[RHG95]  1720|Gaia DR2 777005625896147072|Gaia DR1 777005625896147072,SIMBAD,1
GJ1148,input,772430527947893632,gaia-query-id-gsheet,175.43260807231468,gaia-query-id-input,42.751586224070834,gaia-query-id-input,-575.6538577809173,gaia-query-id-input,-89.97354188570677,gaia-query-id-input,90.76232277100293,gaia-query-id-input,NAN,input,10.576888084411621,gaia-query-id-input,12.161713600158691,gaia-query-id-input,9.377120018005371,gaia-query-id-input,2015.5,gaia-query-id-input,NAN,input,GJ1148|LHS  2443|ASCC  408337|G 122-40|GJ  1148|HAT 141-00143|HIC  57050|HIP  57050|Karmn J11417+427|LFT  836|LSPM J1141+4245|LTT 13210|2MASS J11414471+4245072|NLTT 28266|PLX 2703.01|PM J11417+4245|Ross 1003|TYC 3016-1877-1|UCAC2  46566670|UCAC4 664-056772|USNO 725|USNO-B1.0 1327-00279297|WISEA J114144.08+424506.2|[RHG95]  1827|Gaia DR1 772430901610348032|Gaia DR2 772430527947893632,SIMBAD,1
GL411,input,762815333123157760,gaia-query-id-gsheet,165.80183726909658,gaia-query-id-input,35.92725887291346,gaia-query-id-input,5.483971867477193,gaia-query-id-input,-5.54117750784688,gaia-query-id-input,1.8737854227508086,gaia-query-id-input,NAN,input,13.45462703704834,gaia-query-id-input,13.775323867797852,gaia-query-id-input,12.980684280395508,gaia-query-id-input,2015.5,gaia-query-id-input,NAN,input,GL411,None,1
V*CWUMA,input,758200712885953280,gaia-query-id-gsheet,167.96467732630083,gaia-query-id-input,33.536954551740536,gaia-query-id-input,-176.10414058402574,gaia-query-id-input,116.43257109706227,gaia-query-id-input,74.86141804470705,gaia-query-id-input,NAN,input,11.144145965576172,gaia-query-id-input,12.652019500732422,gaia-query-id-input,9.956343650817871,gaia-query-id-input,2015.5,gaia-query-id-input,NAN,input,V*CWUMA|GJ  3647|ASCC  585783|CSV   1710|G 119-62|HAT 228-00237|LSPM J1111+3332W|2MASS J11115176+3332111|NLTT 26581|PLX 2604.01|PM J11118+3332S|RBS   949|RX J1111.8+3332|1RXS J111151.8+333213|StKM 2-708|SV* P   719|SV* SVS   314|UCAC4 618-048637|USNO-B1.0 1235-00200538|V* CW UMa|[GKL99] 235|[RHG95]  1742|[ZEH2003] RX J1111.8+3332  1|Gaia DR2 758200712885953280,SIMBAD,1
23LMI,input,741357981454593536,gaia-query-id-gsheet,154.05977633576634,gaia-query-id-input,29.31037596169318,gaia-query-id-input,-70.5898112568857,gaia-query-id-input,-22.95005698548399,gaia-query-id-input,11.692045430409049,gaia-query-id-input,NAN,input,5.4712395668029785,gaia-query-id-input,5.504825115203857,gaia-query-id-input,5.496269226074219,gaia-query-id-input,2015.5,gaia-query-id-input,NAN,input,23LMI|*  23 LMi|AG+29 1104|BD+30  1981|FK5 2823|GC 14086|GCRV  6468|GEN# +1.00088960|GSC 01975-01399|HD  88960|HIC  50303|HIP  50303|HR  4024|IRAS 10134+2933|2MASS J10161444+2918379|PPM 100213|ROT  1546|SAO  81258|SKY# 19743|TD1 14689|TYC 1975-1399-1|UBV    9521|UBV M  16070|uvby98 100088960|WEB  9237|YZ  29  5271|Gaia DR2 741357981454593536,SIMBAD,1
PMJ08402+3127,input,709563717249089792,gaia-query-id-gsheet,130.06763490519265,gaia-query-id-input,31.4524095768969,gaia-query-id-input,205.53534527763304,gaia-query-id-input,120.00282749745841,gaia-query-id-input,89.20769078418955,gaia-query-id-input,NAN,input,10.97706413269043,gaia-query-id-input,12.513727188110352,gaia-query-id-input,9.804872512817383,gaia-query-id-input,2015.5,gaia-query-id-input,NAN,input,PMJ08402+3127|UCAC4 608-044702|Karmn J08402+314|LSPM J0840+3127|2MASS J08401597+3127068|PM J08402+3127|USNO-B1.0 1214-00166608|Gaia DR2 709563717249089792,SIMBAD,1
GJ1111,input,703790044252850688,gaia-query-id-gsheet,127.45026554421972,gaia-query-id-input,26.773370942893518,gaia-query-id-input,-1113.7447249542556,gaia-query-id-input,-612.3705447326485,gaia-query-id-input,279.2901128804506,gaia-query-id-input,NAN,input,12.18565559387207,gaia-query-id-input,15.118292808532715,gaia-query-id-input,10.703465461730957,gaia-query-id-input,2015.5,gaia-query-id-input,NAN,input,GJ1111|GJ  1111|GEN# +9.80051015|G  51-15|JP11  5934|JP11  5935|Karmn J08298+267|LHS   248|LSPM J0829+2646|LTT 18058|2MASS J08294949+2646348|NLTT 19635|8pc 275.80|PLX 2016.0|PLX 2016.01|PM 08269+2657|PM J08298+2646|UCAC2  41191231|UCAC4 584-042341|USNO-B1.0 1167-00167383|USNO 311|V* DX Cnc|Zkh 118|[GKL99] 181|[RHG95]  1326|Gaia DR2 703790044252850688,SIMBAD,1
OMICAPA,input,6860821651019024896,gaia-query-id-gsheet,307.47475491389014,gaia-query-id-input,-18.583533636185454,gaia-query-id-input,29.172568282151985,gaia-query-id-input,-81.40264919332422,gaia-query-id-input,13.961921638199257,gaia-query-id-input,NAN,input,5.903134346008301,gaia-query-id-input,5.94854736328125,gaia-query-id-input,5.854133605957031,gaia-query-id-input,2015.5,gaia-query-id-input,NAN,input,OMICAPA|HD 195094|*  12 Cap A|* omi Cap A|ADS 13902 A|BD-19  5831|CCDM J20299-1835A|GC 28503|GSC 06333-02130|HIC 101123|HIP 101123|HR  7830|IDS 20242-1855 A|2MASS J20295391-1834593|PPM 237509|ROT  2984|SAO 163626|SKY# 38780|TYC 6333-2130-1|UBV   17760|UBV M  24874|uvby98 100195094 A|WDS J20299-1835A|YZ 108  8789|Gaia DR2 6860821651019024896|Gaia DR1 6860821646719117952,SIMBAD,1
CHICAP,input,6832245893565505024,gaia-query-id-gsheet,317.1401915975677,gaia-query-id-input,-21.193929591160316,gaia-query-id-input,19.326354054367712,gaia-query-id-input,-59.4291632638552,gaia-query-id-input,16.62752051329665,gaia-query-id-input,NAN,input,5.285942554473877,gaia-query-id-input,5.315032958984375,gaia-query-id-input,5.315605640411377,gaia-query-id-input,2015.5,gaia-query-id-input,NAN,input,CHICAP|* chi Cap|*  25 Cap|** VIG   20A|** HJ 3009A|BD-21  5933|BDS 10744 A|CCDM J21086-2112A|CSI-21  5933  1|FK5 3690|GC 29543|GCRV 13286|GEN# +1.00201184|GJ  9720 A|GJ  9720|HD 201184|HIC 104365|HIP 104365|HR  8087|IDS 21028-2136 A|2MASS J21083363-2111373|N30 4672|PLX 5079|PLX 5079.00|PPM 272094|Renson 56140|ROT  3079|SAO 190050|SKY# 40213|TD1 27697|TYC 6358-1841-1|UBV   18290|uvby98 100201184|WDS J21086-2112A|WEB 19001|YZ 111  9067|Gaia DR2 6832245893565505024,SIMBAD,1
AUMIC,input,6794047652729201024,gaia-query-id-gsheet,311.2911368830972,gaia-query-id-input,-31.34245001640323,gaia-query-id-input,281.42403429655695,gaia-query-id-input,-359.89532890602163,gaia-query-id-input,102.82949372268861,gaia-query-id-input,-6.3103105566262805,gaia-query-id-input,7.840376853942871,gaia-query-id-input,8.936041831970215,gaia-query-id-input,6.812033176422119,gaia-query-id-input,2015.5,gaia-query-id-input,NAN,input,AUMIC|HD 197481|** LDS  720A|AKARI-IRC-V1 J2045097-312029|ASAS J204510-3120.4|ASAS J204509-3120.3|1AXG J204508-3119|CCDM J20451-3122A|CD-31 17815|Ci 20 1225|CPC 17 11323|CPD-31  6335|2E  4416|2E 2042.0-3131|2EUVE J2045-31.3|EUVE J2045-31.3|GCRV 12995|GEN# +1.00197481|GJ   803|HIC 102409|HIP 102409|IDS 20390-3142 A|IRAS 20420-3131|IRAS F20420-3131|LTT  8214|2MASS J20450949-3120266|MCC 824|NLTT 49807|PLX 4939|PLX 4939.00|PM J20451-3120|PPM 300560|RBS  1695|2RE J2045-312|2RE J204510-312000|RE J2045-312|RE J204509-312004|RX J2045.2-3120|1RXS J204509.4-312023|SAO 212402|1SWASP J204509.52-312027.2|TIC 441420236|TYC 7457-641-1|UBV   17963|UCAC4 294-224065|UGP 505|V* AU Mic|WDS J20452-3120A|WEB 18541|WISEA J204509.75-312030.9|WISE J204509.76-312030.9|Zkh 310|[FS2003] 1089|[GKL99] 394|[L91b] 329|[RHG95]  3241|Gaia DR2 6794047652729201024,SIMBAD,1
K2-147,input,6764974194470777600,gaia-query-id-gsheet,293.83303290258175,gaia-query-id-input,-28.498475012211124,gaia-query-id-input,-31.425709873581027,gaia-query-id-input,-147.53335277652758,gaia-query-id-input,11.014888110317715,gaia-query-id-input,-24.14845663674318,gaia-query-id-input,13.191252708435059,gaia-query-id-input,14.263347625732422,gaia-query-id-input,12.1686372756958,gaia-query-id-input,2015.5,gaia-query-id-input,NAN,input,K2-147|EPIC 213715787|K2-147|2MASS J19351996-2829523|Gaia DR2 6764974194470777600,SIMBAD,1
GJ3470,input,654687847820642560,gaia-query-id-gsheet,119.77350207198951,gaia-query-id-input,15.391209014255084,gaia-query-id-input,-185.733991496399,gaia-query-id-input,-57.263191479316674,gaia-query-id-input,33.96010735081466,gaia-query-id-input,26.089736737552283,gaia-query-id-input,11.35373592376709,gaia-query-id-input,12.58625316619873,gaia-query-id-input,10.29057788848877,gaia-query-id-input,2015.5,gaia-query-id-input,NAN,input,GJ3470|LP  424-4|Cl* Melotte   25    EGG      29|GJ  3470|Karmn J07590+153|LSPM J0759+1523|2MASS J07590587+1523294|NLTT 18739|PM J07590+1523|UCAC4 527-044913|USNO-B1.0 1053-00160863|[RHG95]  1255|Gaia DR2 654687847820642560,SIMBAD,1
GL581,input,6322070093095493504,gaia-query-id-gsheet,229.85647250010678,gaia-query-id-input,-7.722693495445762,gaia-query-id-input,-1221.4665948844881,gaia-query-id-input,-97.12948413050756,gaia-query-id-input,158.7491998297578,gaia-query-id-input,NAN,input,9.410998344421387,gaia-query-id-input,10.835999488830566,gaia-query-id-input,8.267560958862305,gaia-query-id-input,2015.5,gaia-query-id-input,NAN,input,GL581|BD-07  4003|Ci 20  923|DENIS J151926.8-074319|GCRV  8863|GEN# -0.00704003|G 151-46|G 152-9|GJ   581|GSC 05594-00593|HIC  74995|HIP  74995|JP11   273|LFT 1195|LHS   394|LPM 564|LTT  6112|2MASS J15192689-0743200|MCC 159|NLTT 39886|NSV  7023|8pc 159.52|PLX 3458|PLX 3458.00|PM J15194-0743E|StKM 2-1135|TYC 5594-1093-1|UBV   13194|UBV M   5243|UCAC2  29110263|UCAC3 165-136246|UCAC4 412-059591|V* HO Lib|WEB 12795|WISEA J151925.96-074321.2|Wolf  562|Zkh 217|[RHG95]  2420|Gaia DR2 6322070093095493504|Gaia DR1 6322069882641960448,SIMBAD,1
GL388,input,625453654702751872,gaia-query-id-gsheet,154.89888734445609,gaia-query-id-input,19.869815836399834,gaia-query-id-input,-498.6046546078907,gaia-query-id-input,-43.682518190365144,gaia-query-id-input,201.36831861385065,gaia-query-id-input,NAN,input,8.206579208374023,gaia-query-id-input,9.628085136413574,gaia-query-id-input,7.053171157836914,gaia-query-id-input,2015.5,gaia-query-id-input,NAN,input,"GL388|BD+20  2465|* gam Leo C|** BAG   32|** STF 1424C|ADS  7724 C|AG+20 1170|ASCC  863621|1AXG J101937+1951|CCDM J10199+1951C|Ci 18 1244|Ci 20  574|2E  2259|2E 1016.8+2007|1ES 1016+20.1|2EUVE J1019+19.8|EUVE J1019+19.8|EXO 1016.8+2007|GALEX 6382632183606019510|GC 14167|GCRV  6499|GEN# +0.02002465|G  54-23|GJ   388|GJ   388 A|GPM 154.902458+19.870105|IRAS 10169+2007|JP11    62|Karmn J10196+198AB|LHS  5167|LSPM J1019+1952|LTT 12761|2MASS J10193634+1952122|MCC 574|NLTT 24015|8pc 204.60|PLX 2420|PLX 2420.00|PM J10196+1952|PPM 127309|Pul -3  660015|RBS   855|2RE J101936+195209|2RE J1019+195|RE J1019+195|RE J101935+195212|RX J1019.6+1952|1RXS J101936.3+195215|SAO  81292|StKM 2-626|TYC 1423-174-1|UBV    9550|UCAC2  38796273|UCAC4 550-048962|USNO-B1.0 1098-00182796|V* AD Leo|WDS J10200+1950Ca,Cb|WEB  9274|WISEA J101935.88+195211.9|Zkh 141|[CGL99] 10|[FS2003] 0555|[GKL99] 216|[JHC84] 155|[R97] NGC  3227  8|[RHG95]  1616|[ZEH2003] RX J1019.6+1952  3|Gaia DR2 625453654702751872",SIMBAD,1
K2-33,input,6245758900889486720,gaia-query-id-gsheet,242.56136352849623,gaia-query-id-input,-19.31938305170756,gaia-query-id-input,-9.709083984500843,gaia-query-id-input,-23.98615038690996,gaia-query-id-input,7.153004161102363,gaia-query-id-input,NAN,input,14.156977653503418,gaia-query-id-input,15.745092391967773,gaia-query-id-input,12.928126335144043,gaia-query-id-input,2015.5,gaia-query-id-input,NAN,input,K2-33|2MASS J16101473-1919095|EPIC 205117205|K2-33|Karmn J16102-193|UGCS J161014.73-191909.4|USNO-B1.0 0706-00324223|WISEA J161014.73-191909.6|[PBB2002] USco J161014.7-191909|[PGZ2001] J161014.7-191909|Gaia DR2 6245758900889486720,SIMBAD,1
J1604,input,6243393817024157184,gaia-query-id-gsheet,241.09017073815778,gaia-query-id-input,-21.508033039637386,gaia-query-id-input,-12.329746867946234,gaia-query-id-input,-23.829950394362474,gaia-query-id-input,6.6615043823044005,gaia-query-id-input,-7.603148133821145,gaia-query-id-input,11.868547439575195,gaia-query-id-input,12.578362464904785,gaia-query-id-input,10.944693565368652,gaia-query-id-input,2015.5,gaia-query-id-input,NAN,input,J1604|2MASS J16042165-2130284|EPIC 204638512|RX J1604.3-2130A|WISEA J160421.64-213028.7|[KKL2000b] 90|[KKL2000b] RX J1604.3-2130A|[PBB2002] USco J160421.7-213028|[PZ99] J160421.7-213028|Gaia DR2 6243393817024157184,SIMBAD,1
TWA25,input,6150861598480158336,gaia-query-id-gsheet,183.87757060769277,gaia-query-id-input,-39.81195658571475,gaia-query-id-input,-76.85167849120411,gaia-query-id-input,-28.268509234147878,gaia-query-id-input,18.828460766695986,gaia-query-id-input,4.695425267599311,gaia-query-id-input,10.52048397064209,gaia-query-id-input,11.522514343261719,gaia-query-id-input,9.568472862243652,gaia-query-id-input,2015.5,gaia-query-id-input,NAN,input,TWA25|2MASS J12153072-3948426|ASAS J121531-3948.7|CD-39  7538|GSC 07760-00283|PM J12155-3948|1RXS J121527.9-394843|TWA 25|TYC 7760-283-1|UCAC2  14822540|UCAC4 251-054364|V* V1249 Cen|Gaia DR2 6150861598480158336|Gaia DR1 6150861594185298176,SIMBAD,1
RULUP,input,6010114558131195392,gaia-query-id-gsheet,239.17623287740884,gaia-query-id-input,-37.821064889285395,gaia-query-id-input,-11.54641473528332,gaia-query-id-input,-23.234336031598595,gaia-query-id-input,6.266735670137262,gaia-query-id-input,NAN,input,10.710687637329102,gaia-query-id-input,11.295018196105957,gaia-query-id-input,9.923805236816406,gaia-query-id-input,2015.5,gaia-query-id-input,NAN,input,RULUP|HD 142560|ALS 18952|AN   47.1916|CD-37 10602|GCRV  9169|GEN# +1.00142560|GSC 07838-00546|HBC 251|Hen 3-1120|HIC  78094|HIP  78094|IRAS F15533-3740|IRAS 15534-3740|JP11  2678|LSE 140|2MASS J15564230-3749154|SV* HV  3402|Sz  83|THA 15-13|TYC 7838-546-1|UCAC2  15776260|V* RU Lup|WEB 13206|WRAY 15-1386|2XMM J155642.3-374915|[KWS97] Lupus 2 29|AAVSO 1550-37|Gaia DR1 6010114553824198784|Gaia DR2 6010114558131195392,SIMBAD,1
HR3131,input,5714859436544147200,gaia-query-id-gsheet,119.96689420930183,gaia-query-id-input,-18.399405123734944,gaia-query-id-input,4.476393068377906,gaia-query-id-input,-45.43927672698341,gaia-query-id-input,15.751510567009952,gaia-query-id-input,NAN,input,4.531142711639404,gaia-query-id-input,4.639138698577881,gaia-query-id-input,4.498149871826172,gaia-query-id-input,2015.5,gaia-query-id-input,NAN,input,HR3131|HD  65810|BD-18  2118|FAUST 2219|FK5 1212|GC 10825|GCRV  5317|GEN# +1.00065810|GSC 05986-03435|HIC  39095|HIP  39095|HR  3131|IRAS 07576-1815|JP11  1619|2MASS J07595205-1823573|N30 1835|PLX 1899|PLX 1899.00|PMC 90-93   822|PPM 219496|ROT  1283|SAO 153687|SKY# 14993|TD1 11518|TYC 5986-3435-1|UBV    7693|UBV M  13879|uvby98 100065810|WEB  7667|YZ   0  6239|YZ 108  3078|Gaia DR2 5714859436544147200,SIMBAD,1
ETAPYX,input,5647071417958187392,gaia-query-id-gsheet,129.46718875290082,gaia-query-id-input,-26.255053596386425,gaia-query-id-input,-23.32053448205724,gaia-query-id-input,-12.57920816464291,gaia-query-id-input,13.557289756491972,gaia-query-id-input,NAN,input,5.204394817352295,gaia-query-id-input,5.220753192901611,gaia-query-id-input,5.273410797119141,gaia-query-id-input,2015.5,gaia-query-id-input,NAN,input,ETAPYX|* eta Pyx|** VIG   11A|** RST 2571A|CCDM J08379-2615A|CD-25  6356|CPD-25  3792|CSI-25  6356 21|FK5 2676|GC 11848|GCRV  5678|GEN# +1.00073495|GSC 06578-02618|HD  73495|HIC  42334|HIP  42334|HR  3420|IDS 08336-2554 A|2MASS J08375215-2615179|PLX 2060|PLX 2060.00|PPM 254861|ROT  1359|SAO 176189|SKY# 16495|SRS  41938|TD1 12821|TYC 6578-2618-1|UBV    8229|UBV M  14540|uvby98 100073495|WDS J08379-2615A|WEB  8138|YZ 116  6605|Gaia DR2 5647071417958187392,SIMBAD,1
BBW76,input,5594750362570794368,gaia-query-id-gsheet,117.64828038590782,gaia-query-id-input,-33.10661862609002,gaia-query-id-input,-4.110426082167379,gaia-query-id-input,5.010299705449425,gaia-query-id-input,0.9149747698548704,gaia-query-id-input,-21.852654478368127,gaia-query-id-input,12.239490509033203,gaia-query-id-input,13.0303316116333,gaia-query-id-input,11.36943531036377,gaia-query-id-input,2015.5,gaia-query-id-input,NAN,input,BBW76|2MASS J07503560-3306238|AKARI-IRC-V1 J0750355-330623|AM 0748-325|BRAN  76|CGMW 2-1365|IRAS 07486-3258|UCAC4 285-026694|V* V646 Pup|WISE J075035.58-330623.8|[GRV93]  2|Gaia DR2 5594750362570794368,SIMBAD,1
TWA7,input,5444751795151480320,gaia-query-id-gsheet,160.6248102217065,gaia-query-id-input,-33.67125957620161,gaia-query-id-input,-118.93448724479087,gaia-query-id-input,-19.851218363161422,gaia-query-id-input,29.386677059549676,gaia-query-id-input,NAN,input,10.619331359863281,gaia-query-id-input,11.996562004089355,gaia-query-id-input,9.477147102355957,gaia-query-id-input,2015.5,gaia-query-id-input,NAN,input,TWA7|2MASS J10423011-3340162|ASAS J104230-3340.3|GSC 07190-02111|RX J104230.3-334014|1RXS J104230.3-334014|TWA 7|TWA 7A|TYC 7190-2111-1|V* CE Ant|WISE J104230.01-334016.4|Gaia DR2 5444751795151480320,SIMBAD,1
TWHYA,input,5401795662560500352,gaia-query-id-gsheet,165.46591445018467,gaia-query-id-input,-34.70479133236435,gaia-query-id-input,-68.38931112695184,gaia-query-id-input,-14.015724321984475,gaia-query-id-input,16.642793683550817,gaia-query-id-input,NAN,input,10.439289093017578,gaia-query-id-input,11.193428993225098,gaia-query-id-input,9.53708267211914,gaia-query-id-input,2015.5,gaia-query-id-input,NAN,input,TWHYA|2MASS J11015191-3442170|AKARI-FIS-V1 J1101516-344214|ASAS J110152-3442.3|CD-34  7151|GSC 07208-00347|HBC 568|Hen 3-549|HIC  53911|HIP  53911|IRAS 10594-3426|JCMTSE J110152.0-344214|JCMTSF J110152.0-344214|PDS  42|PM J11018-3442|PSCz P10594-3426|1RXP J110152.0-344212|1RXS J110152.0-344212|SV* HV  4089|TWA 1|TYC 7208-347-1|UCAC2  17035364|UCAC4 277-058769|V* TW Hya|[DML87] 277|[TDQ2000] TRX  9|AAVSO 1057-34|Gaia DR2 5401795662560500352|Gaia DR1 5401795658263638912,SIMBAD,1
TWA13A,input,5399220743767211776,gaia-query-id-gsheet,170.32138506635212,gaia-query-id-input,-34.77938383474042,gaia-query-id-input,-69.09567297617085,gaia-query-id-input,-18.13093458212894,gaia-query-id-input,16.70042104296688,gaia-query-id-input,9.93291124110522,gaia-query-id-input,10.876505851745605,gaia-query-id-input,11.913858413696289,gaia-query-id-input,9.88567066192627,gaia-query-id-input,2015.5,gaia-query-id-input,NAN,input,TWA13A|2MASS J11211723-3446454|** SWR  110A|ASAS J112117-3446.8|CD-34  7390A|TWA 13A|TWA 13N|UCAC4 277-059985|V* V547 Hya|WDS J11213-3447A|[SAC99] RX J1121.3-3447N|[TDQ2000] TRX 16N|Gaia DR2 5399220743767211776,SIMBAD,1
31CAS,input,532613572919594240,gaia-query-id-gsheet,17.66426212676136,gaia-query-id-input,68.77850735177404,gaia-query-id-input,35.79014163592113,gaia-query-id-input,-26.58955497558326,gaia-query-id-input,10.598254183479092,gaia-query-id-input,NAN,input,5.2834978103637695,gaia-query-id-input,5.307997226715088,gaia-query-id-input,5.311912536621094,gaia-query-id-input,2015.5,gaia-query-id-input,NAN,input,31CAS|*  31 Cas|AG+68   65|AKARI-IRC-V1 J0110393+684642|BD+68    77|CCDM J01107+6847A|CSI+68    77  1|FK5 2074|GC  1406|GCRV   670|GEN# +1.00006829|GSC 04296-01459|HD   6829|HIC   5518|HIP   5518|HR   336|IDS 01039+6814 A|IRAS 01072+6830|2MASS J01103933+6846429|PLX  235|PLX  235.00|PMC 90-93  1194|PPM  12780|ROT   175|SAO  11612|SKY#  1796|TD1   656|TYC 4296-1459-1|UBV    1172|uvby98 100006829|WEB  1219|Gaia DR2 532613572919594240,SIMBAD,1
V1298TAU,input,51886335968692480,gaia-query-id-gsheet,61.331654034962376,gaia-query-id-input,20.157031761994073,gaia-query-id-input,5.22792790885774,gaia-query-id-input,-16.076839488124314,gaia-query-id-input,9.213924010808181,gaia-query-id-input,NAN,input,10.070242881774902,gaia-query-id-input,10.571025848388672,gaia-query-id-input,9.444001197814941,gaia-query-id-input,2015.5,gaia-query-id-input,NAN,input,V1298TAU|2MASS J04051959+2009256|BD+19   656|EPIC 210818897|GALEX J040519.5+200925|GSC 01258-00338|K2-309|RX J0405.3+2009|1RXS J040518.6+200919|SSTc2d J040519.6+200926|1SWASP J040519.59+200925.5|TYC 1258-338-1|V* V1298 Tau|[WKS96]  4|Gaia DR2 51886335968692480|Gaia DR1 51886331671914496,SIMBAD,1
HR875,input,5186208817062871168,gaia-query-id-gsheet,44.15577747685069,gaia-query-id-input,-3.7125127252624694,gaia-query-id-input,-37.178589535651064,gaia-query-id-input,-44.45703519475245,gaia-query-id-input,15.648713234551169,gaia-query-id-input,NAN,input,5.120682716369629,gaia-query-id-input,5.203036308288574,gaia-query-id-input,5.054622173309326,gaia-query-id-input,2015.5,gaia-query-id-input,NAN,input,HR875|HD  18331|BD-04   502|FK5 1080|GC  3541|GCRV  1639|GEN# +1.00018331|GSC 04703-01166|HIC  13717|HIP  13717|HR   875|IRAS 02541-0354|JP11   721|2MASS J02563742-0342444|N30  603|PLX  612|PLX  612.00|PMC 90-93   712|PPM 185207|ROT   394|SAO 130199|SKY#  4420|TD1  1781|TYC 4703-1166-1|UBV    2858|UBV M   9239|uvby98 100018331|WEB  2720|YZ  93   704|Gaia DR2 5186208817062871168,SIMBAD,1
EPSILONERI,input,5164707970261630080,gaia-query-id-gsheet,53.22843060109699,gaia-query-id-input,-9.458171515191356,gaia-query-id-input,-975.3755199455246,gaia-query-id-input,20.265517485830134,gaia-query-id-input,312.21914118452634,gaia-query-id-input,NAN,input,3.369140386581421,gaia-query-id-input,4.002591609954834,gaia-query-id-input,2.882995128631592,gaia-query-id-input,2015.5,gaia-query-id-input,NAN,input,"EPSILONERI|* eps Eri|*  18 Eri|** BLA    2|** MBA    1A|1AXG J033256-0926|BD-09   697|CCDM J03329-0927A|Ci 20  241|1E 0330.5-0937|2E   788|2E 0330.5-0937|2EUVE J0332-09.4|EUVE J0332-09.4|FK5  127|GC  4244|GCRV  1962|GEN# +1.00022049|GES J03325495-0927294|GJ   144.0|GJ   144|HD  22049|HIC  16537|HIP  16537|HR  1084|IRAS 03305-0937|IRC -10048|JP11   792|LFT  291|LHS  1557|LPM 158|LTT  1675|2MASS J03325591-0927298|N30  726|NAME Ran|NLTT 11207|8pc 310.75|PLX  742|PLX  742.00|PMC 90-93    91|PM 03306-0938|PPM 185905|RAFGL  497|RBS   439|2RE J033253-092646|2RE J0332-092|RE J0332-092|RE J033255-092717|ROT   531|RX J0332.9-0927|1RXS J033256.4-092727|SACS  76|SAO 130564|SKY#  5366|SPOCS  171|TD1  2301|TYC 5296-1533-1|UBV    3410|UBV M   9580|uvby98 100022049|V* eps Eri|WDS J03329-0927A|WDS J03329-0927Aa,Ab|WEB  3160|YZ   0  4513|YZ  99   836|Zkh  51|[FS2003] 0134|Gaia DR2 5164707970261630080",SIMBAD,1
GL169.1A,input,470826482635704064,gaia-query-id-gsheet,67.80884038972877,gaia-query-id-input,58.96826404654205,gaia-query-id-input,1303.270246702039,gaia-query-id-input,-2043.8474771871197,gaia-query-id-input,180.42146832690443,gaia-query-id-input,NAN,input,9.698112487792969,gaia-query-id-input,11.37700080871582,gaia-query-id-input,8.464423179626465,gaia-query-id-input,2015.5,gaia-query-id-input,NAN,input,GL169.1A|LHS    26|** STN 2051A|AKARI-IRC-V1 J0431126+585823|ASCC  176742|CCDM J04312+5858A|CSI+58-04268  1|G 175-34A|GJ   169.1 A|IDS 04224+5849 A|IRAS 04268+5852|JP11  5943|Karmn J04311+589|LSPM J0431+5858W|2MASS J04311147+5858375|NAME Stein 2051 A|NAME Stein 2051A|NLTT 13373|8pc 181.36A|PM J04311+5858|UBV    4295|UCAC4 745-033846|USNO-B1.0 1489-00136092|USNO 120|USNO 807|WDS J04312+5858A|WISEA J043113.21+585816.7|WISE J043113.20+585816.7|Zkh  62|[RHG95]   780|Gaia DR2 470826482635704064,SIMBAD,1
GL699,input,4472832130942575872,gaia-query-id-gsheet,269.4486143580427,gaia-query-id-input,4.737980765585507,gaia-query-id-input,-802.802647878488,gaia-query-id-input,10362.542163273869,gaia-query-id-input,547.4506196448664,gaia-query-id-input,NAN,input,8.19510555267334,gaia-query-id-input,9.81038761138916,gaia-query-id-input,6.96986722946167,gaia-query-id-input,2015.5,gaia-query-id-input,3224.0,HEADER[CFHT],GL699|BD+04  3561a|AC2000  146626|ASCC 1153178|CCDM J17578+0441A|Ci 20 1069|CSI+04-17554|CSV   7737|1E 1755.3+0438|GAT   12|GCRV 10392|GEN# +0.00403561|G 140-24|GJ   699|GSC 00425-00184|GSC 00425-02502|HIC  87937|HIP  87937|IRAS 17553+0438|JP11    18|Karmn J17578+046|LFT 1385|LHS    57|LSPM J1757+0441|LTT 15309|2MASS J17574849+0441405|MCC 799|NAME Barnard's star|NAME Barnard Star|NLTT 45718|NSV  9910|8pc 549.01|PLX 4098|PLX 4098.00|PM J17578+0441N|StKM 2-1355|TYC  425-2502-1|UBV   15269|UCAC2  33428712|UCAC4 474-068224|USNO-B1.0 0946-00315199|USNO 347|USNO 876|uvby98 000403561|V* V2500 Oph|VVO   6|WEB 14849|WISEA J175747.94+044323.8|Zkh 269|[RHG95]  2849|Gaia DR2 4472832130942575872,SIMBAD,1
GJ1214,input,4393265392167891712,gaia-query-id-gsheet,258.83139908465336,gaia-query-id-input,4.96067947299482,gaia-query-id-input,580.4474112141758,gaia-query-id-input,-749.5877390171612,gaia-query-id-input,68.26534018946352,gaia-query-id-input,NAN,input,13.008901596069336,gaia-query-id-input,14.932443618774414,gaia-query-id-input,11.696242332458496,gaia-query-id-input,2015.5,gaia-query-id-input,NAN,input,GJ1214|LHS  3275|** GJ 1214A|GEN# +9.80139021|G 139-21|GJ  1214|LSPM J1715+0457|2MASS J17151894+0457496|NLTT 44431|PLX 3913.01|PM J17153+0457|UBV M  53793|UCAC4 475-063069|USNO-B1.0 0949-00280047|USNO 256|WDS J17153+0458A|WISEA J171519.33+045742.2|[RHG95]  2724|Gaia DR2 4393265392167891712,SIMBAD,1
HD154363B,input,4364480521350598144,gaia-query-id-gsheet,256.3034501338088,gaia-query-id-input,-5.099109759693131,gaia-query-id-input,-917.2763180928323,gaia-query-id-input,-1131.9472994929386,gaia-query-id-input,95.63691872945589,gaia-query-id-input,34.43547830142932,gaia-query-id-input,9.167628288269043,gaia-query-id-input,10.311248779296875,gaia-query-id-input,8.133315086364746,gaia-query-id-input,2015.5,gaia-query-id-input,NAN,input,HD154363B|LHS   432|BD-04  4226|CCDM J17051-0504B|Ci 20 1018|GCRV  9854|GEN# +1.00154363B|GEN# +9.80019014|GEN# -0.00404226|G  19-14|GJ   654|GSC 05072-00347|HD 154363B|HIC  83599|HIP  83599|IDS 16597-0456 B|JP11   250|Karmn J17052-050|LFT 1317|LPM 626|LTT  6824|2MASS J17051383-0505385|NC 42|NLTT 44131|NSV  8176|PLX 3880|PLX 3880.00|PM 17026-0502|PM J17052-0505|StKM 2-1292|TYC 5072-1232-1|UBV   14389|UBV   14407|UBV M   5159|UBV   14410|UCAC2  30040735|UCAC4 425-069319|UGP 425|WDS J17050-0504B|WEB 14140|WISEA J170513.16-050550.7|Wolf  636|Zkh 240|[RHG95]  2692|Gaia DR2 4364480521350598144|Gaia DR1 4364855828476735232,SIMBAD,1
GL752A,input,4293318823182081408,gaia-query-id-gsheet,289.22773223878517,gaia-query-id-input,5.163161487524155,gaia-query-id-input,-579.0431607225823,gaia-query-id-input,-1332.7431467859396,gaia-query-id-input,169.1589925925216,gaia-query-id-input,35.55463681209649,gaia-query-id-input,8.097597122192383,gaia-query-id-input,9.375482559204102,gaia-query-id-input,6.993879318237305,gaia-query-id-input,2015.5,gaia-query-id-input,NAN,input,GL752A|HD 180617|** LDS 6334A|AG+05 2703|ASCC 1070266|BD+04  4048|CCDM J19169+0510A|Ci 20 1143|CSI+04  4048  1|DO  5540|1E 191429+0505.5|2E  4216|2E 1914.4+0505|GCRV 11733|GCRV 69237|GEN# +1.00180617A|G  22-22|G 142-24|GJ   752 A|GJ   752|GSC 00472-01252|HIC  94761|HIP  94761|IRAS 19145+0505|JP11  3084|Karmn J19169+051N|LFT 1466|LHS   473|LSPM J1916+0510|LTT 15645|2MASS J19165526+0510086|MCC  65|NLTT 47619|8pc 170.26A|PLX 4494|PM 19145+0505|PM J19169+0510|PPM 167538|Ross  652|TYC  472-1252-1|UBV   16316|UBV M  23632|UCAC2  33630690|UCAC4 476-093846|USNO-B1.0 0951-00432102|V* V1428 Aql|VVO  69|WDS J19169+0510A|WEB 16538|Wolf 1055|Zkh 288|[GKL99] 369|[HFE83] 1274|[RHG95]  3037|Gaia DR2 4293318823182081408|Gaia DR1 4293318818833464832,SIMBAD,1
HD159170,input,4170156100434293120,gaia-query-id-gsheet,263.3741740568687,gaia-query-id-input,-5.745214357217233,gaia-query-id-input,-41.93841615099209,gaia-query-id-input,-95.48427622624564,gaia-query-id-input,21.353919213862373,gaia-query-id-input,NAN,input,5.562175750732422,gaia-query-id-input,5.674685955047607,gaia-query-id-input,5.420949459075928,gaia-query-id-input,2015.5,gaia-query-id-input,NAN,input,HD159170|HD 159170|** DRW   60A|BD-05  4461|FK5 3392|GC 23788|GCRV 10140|GEN# +1.00159170|GSC 05092-00788|HIC  85922|HIP  85922|HR  6534|IRAS 17308-0542|2MASS J17332984-0544412|N30 3906|PPM 200792|SACS 382|SAO 141730|SKY# 31693|SRS  14276|TD1 20608|TYC 5092-788-1|UBV   14947|UBV M  22251|uvby98 100159170|WDS J17334-0544A|WEB 14499|WISE J173329.81-054442.1|YZ  95  5905|Gaia DR2 4170156100434293120,SIMBAD,1
GAMSCT,input,4104122833743954304,gaia-query-id-gsheet,277.29941245675116,gaia-query-id-input,-14.565843544892124,gaia-query-id-input,4.988548999953662,gaia-query-id-input,-7.585137591728205,gaia-query-id-input,11.600098398396593,gaia-query-id-input,NAN,input,4.58345365524292,gaia-query-id-input,4.717774391174316,gaia-query-id-input,4.587762355804443,gaia-query-id-input,2015.5,gaia-query-id-input,NAN,input,GAMSCT|* gam Sct|BD-14  5071|FK5  696|GC 25220|GCRV 10944|GEN# +1.00170296|GSC 05702-02882|HD 170296|HIC  90595|HIP  90595|HR  6930|JP11  2984|2MASS J18291185-1433567|N30 4102|PLX 4246|PLX 4246.00|PMC 90-93   495|PPM 234600|ROT  2609|SACS 405|SAO 161520|SKY# 33786|TD1 22498|TYC 5702-2882-1|UBV   15703|UBV M  22985|uvby98 100170296|WEB 15512|YZ 104  6778|Gaia DR2 4104122833743954304,SIMBAD,1
GL436,input,4017860992519744384,gaia-query-id-gsheet,175.5505363265625,gaia-query-id-input,26.703066901508453,gaia-query-id-input,895.0467863168153,gaia-query-id-input,-814.0304929355278,gaia-query-id-input,102.5014991407405,gaia-query-id-input,NAN,input,9.571478843688965,gaia-query-id-input,10.917251586914062,gaia-query-id-input,8.459857940673828,gaia-query-id-input,2015.5,gaia-query-id-input,NAN,input,GL436|LHS   310|AC +27 28217|ASCC  683818|BPS BS 15625-0002|CSI+26-11395|CSI+27-11395|CSI+27-11394|GCRV  7104|GEN# +9.80120068|G 120-68|G 147-68|G 121-7|GJ   436|HIC  57087|HIP  57087|Karmn J11421+267|LFT  838|LP  319-75|LSPM J1142+2642|LTT 13213|2MASS J11421096+2642251|MCC 616|NLTT 28288|PLX 2704.1|PLX 2704.10|PM 11395+2700|PM J11421+2642|Ross  905|1RXS J114211.9+264328|StKM 2-754|TYC 1984-2613-1|UCAC2  41198281|UCAC4 584-046777|USNO-B1.0 1167-00204205|VVO 171|WEB 10275|WISEA J114211.79+264215.1|Zkh 164|[RHG95]  1830|Gaia DR2 4017860992519744384|Gaia DR1 4017861056947245696,SIMBAD,1
GL408,input,3988987164339438208,gaia-query-id-gsheet,165.01574294498658,gaia-query-id-input,22.831741481455527,gaia-query-id-input,-426.92437177413507,gaia-query-id-input,-282.4106173445807,gaia-query-id-input,148.12830339335176,gaia-query-id-input,NAN,input,8.96982192993164,gaia-query-id-input,10.3004789352417,gaia-query-id-input,7.859257698059082,gaia-query-id-input,2015.5,gaia-query-id-input,NAN,input,GL408|LHS  6193|AC +23   468-46|ASCC  776322|Ci 20  601|CSI+23-10574|GALEX 6387874711957667994|GCRV  6797|GEN# +9.80058032|G  58-32|G 120-9|G 119-49|GJ   408|HIC  53767|HIP  53767|LSPM J1100+2249|LTT 12942|2MASS J11000432+2249592|MCC 128|NLTT 25946|8pc 150.96|PLX 2561|PLX 2561.00|PM J11000+2249|Ross  104|StKM 2-688|TYC 1978-1286-1|UBV   10057|UCAC2  39850706|UCAC4 565-047644|USNO-B1.0 1128-00230478|WEB  9740|WISEA J110003.93+224955.7|Zkh 148|[HFE83]  768|[RHG95]  1709|Gaia DR2 3988987164339438208,SIMBAD,1
GL480,input,3928391218812375808,gaia-query-id-gsheet,189.71342262486556,gaia-query-id-input,11.695070771152656,gaia-query-id-input,-1155.695883239749,gaia-query-id-input,-251.04217379045136,gaia-query-id-input,70.21635489957772,gaia-query-id-input,NAN,input,10.324899673461914,gaia-query-id-input,11.770071983337402,gaia-query-id-input,9.174328804016113,gaia-query-id-input,2015.5,gaia-query-id-input,NAN,input,GL480|LHS   338|ASCC  954292|Ci 20  726|CSI+11-12364|GALEX 3085073634393327396|GCRV  7601|GEN# +9.80060024|G  60-24|G  61-5|GJ   480|HIC  61706|HIP  61706|LFT  933|LSPM J1238+1141|LTT 13588|2MASS J12385241+1141461|NLTT 31394|PLX 2915|PLX 2915.00|PM 12364+1158|PM J12388+1141|TYC  878-1104-1|UCAC4 509-053260|USNO-B1.0 1016-00213233|WEB 10979|WISEA J123851.61+114143.5|Wolf  433|Zkh 185|[RHG95]  1988|Gaia DR2 3928391218812375808,SIMBAD,1
LLEO,input,3871147177431061760,gaia-query-id-gsheet,162.3142774798744,gaia-query-id-input,10.545089350631864,gaia-query-id-input,-3.3417746599482516,gaia-query-id-input,-26.071105326323764,gaia-query-id-input,8.991287071276126,gaia-query-id-input,NAN,input,5.286252975463867,gaia-query-id-input,5.338672637939453,gaia-query-id-input,5.252045631408691,gaia-query-id-input,2015.5,gaia-query-id-input,NAN,input,LLEO|* l Leo|*  53 Leo|AG+10 1359|BD+11  2283|FK5  409|GC 14889|GCRV  6723|GEN# +1.00093702|GSC 00849-01444|HD  93702|HIC  52911|HIP  52911|HR  4227|2MASS J10491541+1032427|N30 2558|PLX 2517.1|PLX 2517.10|PMC 90-93   293|PPM 127730|ROT  1616|SAO  99305|SKY# 20716|SRS  30409|TD1 15159|TYC  849-1444-1|UBV    9935|UBV M  16523|uvby98 100093702|WEB  9631|YZ  10  4123|[HFE83]  751|Gaia DR2 3871147177431061760,SIMBAD,1
GL15A,input,385334230892516480,gaia-query-id-gsheet,4.612667736994264,gaia-query-id-input,44.024729577852746,gaia-query-id-input,2891.5247284758293,gaia-query-id-input,411.90338070481397,gaia-query-id-input,280.6902388765284,gaia-query-id-input,11.511069861442754,gaia-query-id-input,7.2161970138549805,gaia-query-id-input,8.355295181274414,gaia-query-id-input,6.182193279266357,gaia-query-id-input,2015.5,gaia-query-id-input,NAN,input,GL15A|HD   1326|** GRB   34A|AC2000 1406215|ADS   246 A|AG+43   37|AKARI-IRC-V1 J0018248+440125|ASCC  373571|BD+43    44|CCDM J00184+4401A|Ci 20   19|CSI+43    44  4|CSI+43    44  1|DO 23070|GAT 1029|GC   358|GCRV   161|GEN# +1.10001326|G 171-47|GJ    15 A|Gmb   34|HIC   1475|HIP   1475|JP11   170|JP11   360|Karmn J00183+440|LFT   31|LHS     3|LSPM J0018+4401W|LTT 10108|2MASS J00182256+4401222|MCC  85|NLTT   919|8pc 280.27A|PLX   49|PM J00183+4401|PM 00155+4344|PPM  42798|SAO  36248|StKM 2-24a|SV* SVS  2042|TYC 2794-157-1|UBV     205|UBV     207|UCAC4 671-001465|USNO-B1.0 1340-00005988|USNO 787|V* GX And|VVO 124|WDS J00184+4401A|WEB   265|WISEA J001825.70+440126.9|WISE J001825.71+440126.8|Zkh   5|[GKL99]   9|[GS83]  66|[RHG95]    60|Gaia DR2 385334230892516480|Gaia DR1 385334123516493568,SIMBAD,1
GL382,input,3828238392559860992,gaia-query-id-gsheet,153.07295861081224,gaia-query-id-input,-3.7467137970794804,gaia-query-id-input,-152.93096909437986,gaia-query-id-input,-243.59801010622243,gaia-query-id-input,129.7887262404026,gaia-query-id-input,7.2139890612228434,gaia-query-id-input,8.331303596496582,gaia-query-id-input,9.508087158203125,gaia-query-id-input,7.274290561676025,gaia-query-id-input,2015.5,gaia-query-id-input,NAN,input,GL382|BD-03  2870|ASAS J101218-0344.8|ASAS J101217-0344.6|GALEX 6381998870279227813|GCRV 61131|GEN# -0.00302870|G 162-25|G  53-29|GJ   382|HIC  49986|HIP  49986|IRAS 10097-0329|JP11   247|Karmn J10122-037|LTT  3734|2MASS J10121768-0344441|MCC 569|NLTT 23680|8pc 127.99|PLX 2395.11|PM J10122-0344|PPM 193190|1RXS J101217.2-034442|SAO 137411|StKM 2-618|TYC 4907-704-1|UBV M   5136|UCAC4 432-051854|V* AN Sex|VVO  13|WEB  9193|WISEA J101217.55-034447.1|YZC 17  3945|YZ  93  3945|Zkh 139|[RHG95]  1595|Gaia DR2 3828238392559860992,SIMBAD,1
GL447,input,3796072592206250624,gaia-query-id-gsheet,176.9376035942316,gaia-query-id-input,0.7992898397717385,gaia-query-id-input,607.6779559310216,gaia-query-id-input,-1223.3233032233952,gaia-query-id-input,296.3072923655969,gaia-query-id-input,NAN,input,9.590668678283691,gaia-query-id-input,11.387991905212402,gaia-query-id-input,8.34540843963623,gaia-query-id-input,2015.5,gaia-query-id-input,NAN,input,GL447|GJ   447|ASCC 1136005|Ci 20  662|CSI+01-11451|2E  2532|2E 1145.1+0105|EPIC 201518346|GALEX 3196326618938216349|GAT 1132|GAT 1131|GCRV  7139|GEN# +6.10010447|G  10-50|G  11-22|GSC 00272-00665|GSC 00272-01051|HIC  57548|HIP  57548|IRAS 11451+0105|JP11  5144|JP11  5186|JP11  5145|Karmn J11477+008|LFT  852|LHS   315|LSPM J1147+0048|LTT 13240|2MASS J11474440+0048164|MCC 286|NLTT 28570|8pc 299.58|PLX 2730|PLX 2730.00|PM 11452+0106|PM J11477+0048|Ross  128|RX J1147.7+0048|1RXS J114744.7+004831|TYC  272-1051-1|UBV M  42951|UCAC2  32039206|UCAC4 455-052049|USNO-B1.0 0908-00204201|USNO 615|USNO 840|V* FI Vir|VVO 214|WEB 10335|WISEA J114744.81+004803.7|Zkh 169|[GKL99] 248|[RHG95]  1849|[ZEH2003] RX J1147.7+0048  1|Gaia DR2 3796072592206250624|Gaia DR1 3796072587910775936,SIMBAD,1
PHILEO,input,3789997584304629248,gaia-query-id-gsheet,169.16494141319737,gaia-query-id-input,-3.6517608853608725,gaia-query-id-input,-111.20713965487883,gaia-query-id-input,-37.04191884546236,gaia-query-id-input,17.440317222955557,gaia-query-id-input,NAN,input,4.348474979400635,gaia-query-id-input,4.526516914367676,gaia-query-id-input,4.214353084564209,gaia-query-id-input,2015.5,gaia-query-id-input,NAN,input,PHILEO|* phi Leo|*  74 Leo|** SHJ  121A|BD-02  3315|BDS  5729 A|CCDM J11166-0339A|FK5 1292|GC 15511|GCRV  6915|GEN# +1.00098058|GSC 04925-01610|HD  98058|HIC  55084|HIP  55084|HR  4368|IDS 11116-0307 A|IRAS 11141-0322|JP11  2044|2MASS J11163972-0339056|N30 2648|PLX 2620|PLX 2620.00|PMC 90-93   890|PPM 194304|ROT  1676|SAO 138102|SKY# 21474|TYC 4925-1610-1|UBV   10278|UBV M  16945|uvby98 100098058|WDS J11167-0339A|WEB  9934|YZ  93  4264|[HFE83]  786|Gaia DR2 3789997584304629248,SIMBAD,1
WASP-127,input,3778075717162985600,gaia-query-id-gsheet,160.55876457951663,gaia-query-id-input,-3.8349988680748166,gaia-query-id-input,19.224200862492776,gaia-query-id-input,17.025696705677678,gaia-query-id-input,6.240865622676312,gaia-query-id-input,-8.247823199230798,gaia-query-id-input,10.054017066955566,gaia-query-id-input,10.392302513122559,gaia-query-id-input,9.584247589111328,gaia-query-id-input,2015.5,gaia-query-id-input,NAN,input,WASP-127|BD-03  2978|GSC 04916-00912|2MASS J10421407-0350062|PPM 193701|RAVE J104214.1-035006|1SWASP J104214.08-035006.3|TYC 4916-912-1|WASP-127|Gaia DR1 3778075712867534976|Gaia DR2 3778075717162985600,SIMBAD,1
TOI-732,input,3767281845873242112,gaia-query-id-gsheet,154.64490332294528,gaia-query-id-input,-11.717800995137953,gaia-query-id-input,-341.4090923342944,gaia-query-id-input,-247.86984952909003,gaia-query-id-input,45.46436194249369,gaia-query-id-input,NAN,input,11.8464937210083,gaia-query-id-input,13.352084159851074,gaia-query-id-input,10.658302307128906,gaia-query-id-input,2015.5,gaia-query-id-input,NAN,input,TOI-732|G 162-44|** LDS 3977A|Karmn J10185-117|LP  729-54|LTT  3780|2MASS J10183516-1142599|NLTT 23974|PM J10185-1143|TIC 36724087|TOI 732|UCAC4 392-050728|WDS J10185-1143A|WISEA J101834.88-114302.8|Gaia DR2 3767281845873242112,SIMBAD,1
GJ3622,input,3757613049856225792,gaia-query-id-gsheet,162.05510201722512,gaia-query-id-input,-11.342590885961126,gaia-query-id-input,579.029959034547,gaia-query-id-input,-1530.1737107368756,gaia-query-id-input,219.11590478117833,gaia-query-id-input,NAN,input,12.8493013381958,gaia-query-id-input,15.960090637207031,gaia-query-id-input,11.358242988586426,gaia-query-id-input,2015.5,gaia-query-id-input,NAN,input,GJ3622|GJ  3622|DENIS J104812.6-112009|Karmn J10482-113|LHS   292|LP  731-58|2MASS J10481258-1120082|2MASSI J1048126-112009|NLTT 25392|8pc 220.30|PLX 2516.02|PM J10482-1120|UCAC2  27842586|UCAC3 158-112504|UCAC4 394-049480|USNO 835|USNO-B1.0 0786-00215012|WISEA J104813.03-112025.9|[GKL99] 223|[RHG95]  1679|Gaia DR2 3757613049856225792,SIMBAD,1
GL514,input,3738099879558957952,gaia-query-id-gsheet,202.50404244970437,gaia-query-id-input,10.37253870881967,gaia-query-id-input,1127.507375060579,gaia-query-id-input,-1073.8786786245712,gaia-query-id-input,131.24280752751795,gaia-query-id-input,14.050163789861148,gaia-query-id-input,8.206207275390625,gaia-query-id-input,9.284589767456055,gaia-query-id-input,7.195754528045654,gaia-query-id-input,2015.5,gaia-query-id-input,3200.0,HEADER[CFHT],GL514|LHS   352|AG+10 1630|AKARI-IRC-V1 J1330002+102230|ASCC  955736|BD+11  2576|Ci 20  782|GALEX 6378656384993461793|GCRV  8008|GEN# +0.01102576|G  63-34|GJ   514|HIC  65859|HIP  65859|IRAS 13275+1038|JP11    45|LFT 1012|LSPM J1329+1022|LTT 13925|2MASS J13295979+1022376|MCC 143|NLTT 34287|8pc 131.12|PLX 3079|PLX 3079.00|PM 13275+1039|PM J13299+1022|PPM 129864|Ross  490|RX J1329.9+1022|1RXS J132958.5+102252|StKM 2-947|TYC  895-317-1|UBV   12123|UBV   12139|UBV M    489|UCAC2  35403307|UCAC4 502-056873|USNO-B1.0 1003-00216029|VVO   5|WEB 11651|WISEA J133000.58+102226.4|Zkh 200|[FS2003] 0673|[RHG95]  2123|[ZEH2003] RX J1329.9+1022  2|Gaia DR2 3738099879558957952,SIMBAD,1
GJ1154,input,3698534434669937024,gaia-query-id-gsheet,183.5648577633785,gaia-query-id-input,0.6227665470428013,gaia-query-id-input,-951.9270640230192,gaia-query-id-input,-284.2857907584889,gaia-query-id-input,123.77457976946148,gaia-query-id-input,NAN,input,11.839411735534668,gaia-query-id-input,13.884758949279785,gaia-query-id-input,10.501676559448242,gaia-query-id-input,2015.5,gaia-query-id-input,NAN,input,GJ1154|GJ  1154|GEN# +9.80013022|G  13-22|Karmn J12142+006|LHS  2531|LSPM J1214+0037|LTT 13408|2MASS J12141654+0037263|NLTT 30062|PLX 2817.01|PM J12142+0037|RX J1214.2+0037|1RXS J121417.5+003730|UBV M  53449|UCAC3 182-116001|UCAC4 454-051105|USNO-B1.0 0906-00208882|USNO 236|WISEA J121415.86+003723.3|Zkh 176|[GKL99] 253|[RHG95]  1923|[ZEH2003] RX J1214.2+0037  3|Gaia DR2 3698534434669937024,SIMBAD,1
ZETVIR,input,3662636823132020480,gaia-query-id-gsheet,203.6721054666114,gaia-query-id-input,-0.5956244741780619,gaia-query-id-input,-278.759829413571,gaia-query-id-input,49.132772750718914,gaia-query-id-input,44.35847120028845,gaia-query-id-input,NAN,input,3.25653338432312,gaia-query-id-input,3.6810500621795654,gaia-query-id-input,3.2606096267700195,gaia-query-id-input,2015.5,gaia-query-id-input,NAN,input,ZETVIR|LTT  5252|* zet Vir|*  79 Vir|** HNK    7A|AG-00 1843|BD+00  3076|FK5  501|GC 18351|GCRV  8040|GEN# +1.00118098|GJ  3792|HD 118098|HIC  66249|HIP  66249|HR  5107|IRAS 13321-0020|JP11  2406|2MASS J13344160-0035450|N30 3094|NAME Heze|NLTT 34515|PLX 3100|PLX 3100.00|PMC 90-93   357|PPM 179083|ROT  1974|SAO 139420|SKY# 24984|TD1 16924|TYC 4966-1366-1|UBV   12182|UBV M  19520|uvby98 100118098|WDS J13347-0036A|WEB 11707|WISEA J133441.43-003544.5|Gaia DR2 3662636823132020480,SIMBAD,1
GL536,input,3657653114880309248,gaia-query-id-gsheet,210.25972638913305,gaia-query-id-input,-2.65229005613245,gaia-query-id-input,-825.4239029739176,gaia-query-id-input,598.1120899437083,gaia-query-id-input,96.03979416434402,gaia-query-id-input,-26.317615597993033,gaia-query-id-input,8.858807563781738,gaia-query-id-input,9.961246490478516,gaia-query-id-input,7.84196138381958,gaia-query-id-input,2015.5,gaia-query-id-input,NAN,input,GL536|LHS  2842|BD-01  2892|DO  3431|GALEX 2934871549946109210|GEN# +1.00122303|G  64-35|GJ   536|HD 122303|HIC  68469|HIP  68469|LFT 1061|L  979-36|LPM 504|LTT  5470|2MASS J14010324-0239180|MCC 705|NLTT 35989|NSV 20022|PLX 3195|PLX 3195.00|PM J14010-0239|1RXS J140108.4-023906|StKM 2-1001|TYC 4978-501-1|UBV M  19903|UCAC4 437-057272|WISEA J140102.63-023911.1|[RHG95]  2216|Gaia DR2 3657653114880309248|Gaia DR1 3657653144944789504,SIMBAD,1
K2-277,input,3604866381969319040,gaia-query-id-gsheet,202.016189528706,gaia-query-id-input,-15.937974941290891,gaia-query-id-input,-98.67436574830407,gaia-query-id-input,-36.09557365045066,gaia-query-id-input,8.811507754335908,gaia-query-id-input,7.516308738197685,gaia-query-id-input,10.12143611907959,gaia-query-id-input,10.495051383972168,gaia-query-id-input,9.623929977416992,gaia-query-id-input,2015.5,gaia-query-id-input,NAN,input,K2-277|BD-15  3672|EPIC 212357477|GSC 06121-00773|K2-277|2MASS J13280398-1556162|PPM 227330|RAVE J132804.0-155616|TYC 6121-773-1|Gaia DR2 3604866381969319040|Gaia DR1 3604866381969319040,SIMBAD,1
HR4722,input,3576836467618497152,gaia-query-id-gsheet,186.29875259260132,gaia-query-id-input,-11.610723681815738,gaia-query-id-input,-60.72356281865433,gaia-query-id-input,-31.3748572314058,gaia-query-id-input,13.773285035133663,gaia-query-id-input,NAN,input,5.930325984954834,gaia-query-id-input,5.962224006652832,gaia-query-id-input,5.918116092681885,gaia-query-id-input,2015.5,gaia-query-id-input,NAN,input,HR4722|HD 108107|BD-10  3467|GC 16931|GEN# +1.00108107|GSC 05529-01713|HIC  60595|HIP  60595|HR  4722|2MASS J12251176-1136380|PPM 225805|SAO 157272|SKY# 23248|SRS  10976|TD1 16255|TYC 5529-1713-1|UBV   11155|UBV M  18183|uvby98 100108107|YZC 11  4518|Gaia DR2 3576836467618497152,SIMBAD,1
TOI-736,input,3562427951852172288,gaia-query-id-gsheet,165.69048434679303,gaia-query-id-input,-16.406444499029252,gaia-query-id-input,-221.07827035345073,gaia-query-id-input,-58.99886060127822,gaia-query-id-input,37.71770842940717,gaia-query-id-input,NAN,input,15.071505546569824,gaia-query-id-input,17.238309860229492,gaia-query-id-input,13.695124626159668,gaia-query-id-input,2015.5,gaia-query-id-input,NAN,input,TOI-736|LP  791-18|2MASS J11024596-1624222|TIC 181804752|TOI 736|Gaia DR2 3562427951852172288,SIMBAD,1
TWA9A,input,3463395519357786752,gaia-query-id-gsheet,177.1006405161896,gaia-query-id-input,-37.48038849335058,gaia-query-id-input,-52.9601008545377,gaia-query-id-input,-18.46489436016822,gaia-query-id-input,13.092580623035474,gaia-query-id-input,9.960288374197297,gaia-query-id-input,10.57834529876709,gaia-query-id-input,11.350078582763672,gaia-query-id-input,9.739103317260742,gaia-query-id-input,2015.5,gaia-query-id-input,NAN,input,TWA9A|2MASS J11482422-3728491|** RSS  274A|ASAS J114824-3728.8|ASAS J114824-3728.6|CCDM J11484-3729A|CD-36  7429A|1SWASP J114824.21-372849.2|TWA 9A|TYC 7229-70-1|UCAC2  15960771|UCAC4 263-062750|V* V1239 Cen|WDS J11484-3729A|Gaia DR1 3463395519357786752|Gaia DR2 3463395519357786752,SIMBAD,1
DRTAU,input,3406081865148861440,gaia-query-id-gsheet,71.77591994208102,gaia-query-id-input,16.978499564720245,gaia-query-id-input,5.105861412692507,gaia-query-id-input,-13.923694774570754,gaia-query-id-input,5.11102112803429,gaia-query-id-input,NAN,input,11.648553848266602,gaia-query-id-input,12.345532417297363,gaia-query-id-input,10.711456298828125,gaia-query-id-input,2015.5,gaia-query-id-input,NAN,input,DRTAU|2MASS J04470620+1658428|AKARI-IRC-V1 J0447062+165842|CSI+16-04442|EPIC 246923113|GCRV 55412|GSC 01271-01233|HBC  74|IRAS 04442+1653|IRAS F04442+1653|JCMTSE J044706.1+165842|JCMTSF J044706.1+165842|MHA 257-8|PSCz P04442+1653|SV* SVS  1088|TYC 1271-1233-1|UBV    4574|UCAC2  37661005|UCAC3 214-21403|V* DR Tau|WISE J044706.22+165842.8|[LC2009] 9|AAVSO 0441+16B|Gaia DR1 3406081860852425600|Gaia DR2 3406081865148861440,SIMBAD,1
HR1832,input,3390049198910034560,gaia-query-id-gsheet,82.60894534273504,gaia-query-id-input,15.360277917682234,gaia-query-id-input,-15.801215531860576,gaia-query-id-input,-39.52310244111509,gaia-query-id-input,9.223423421037726,gaia-query-id-input,NAN,input,5.893163681030273,gaia-query-id-input,5.967187881469727,gaia-query-id-input,5.791995048522949,gaia-query-id-input,2015.5,gaia-query-id-input,NAN,input,HR1832|HD  36162|AG+15  485|BD+15   837|CEL    740|GC  6805|GCRV  3331|GEN# +1.00036162|GSC 01297-01552|HIC  25790|HIP  25790|HR  1832|2MASS J05302617+1521375|PPM 121025|ROT   825|SAO  94596|SKY#  8823|TD1  4720|TYC 1297-1552-1|UBV    5267|UBV M  11043|uvby98 100036162|WEB  5011|YPAC 383|YZ  15  1548|Gaia DR2 3390049198910034560,SIMBAD,1
XZTAU,input,3314312432806907776,gaia-query-id-gsheet,67.93951120518797,gaia-query-id-input,18.24317845161517,gaia-query-id-input,27.811075944152837,gaia-query-id-input,-25.213971615101233,gaia-query-id-input,3.904265170504485,gaia-query-id-input,NAN,input,15.336774826049805,gaia-query-id-input,16.497426986694336,gaia-query-id-input,14.216574668884277,gaia-query-id-input,2015.5,gaia-query-id-input,NAN,input,XZTAU|Cl* Melotte   25     VA     634|Cl* Melotte   25    HAN     512|2MASS J04314544+1814359|UCAC2  38202586|UCAC4 542-009390|VSS   XI-5|[GOK2004] 68|Gaia DR2 3314312432806907776,SIMBAD,1
PI.02ORI,input,3289827339648726272,gaia-query-id-gsheet,72.65301730005919,gaia-query-id-input,8.900053883468082,gaia-query-id-input,1.3371054052753204,gaia-query-id-input,-27.981652852451564,gaia-query-id-input,17.51629856321224,gaia-query-id-input,NAN,input,4.273809432983398,gaia-query-id-input,4.354752063751221,gaia-query-id-input,4.299899101257324,gaia-query-id-input,2015.5,gaia-query-id-input,NAN,input,PI.02ORI|*   2 Ori|* pi.02 Ori|AG+08  506|BD+08   777|CEL    472|GC  5892|GCRV  2846|GEN# +1.00030739|GSC 00683-01217|HD  30739|HGAM    346|HIC  22509|HIP  22509|HR  1544|IRAS 04478+0848|JP11   935|2MASS J04503674+0854004|PLX 1082|PLX 1082.00|PPM 148045|ROT   684|SAO 112124|SKY#  7533|TD1  3609|TYC  683-1217-1|UBV    4648|UBV M  10369|uvby98 100030739|WEB  4343|WISE J045036.73+085400.5|YZ   8  1821|[SC93b]   6|Gaia DR2 3289827339648726272,SIMBAD,1
GAMTRI,input,326109689896474752,gaia-query-id-gsheet,34.32884872575569,gaia-query-id-input,33.84696999908784,gaia-query-id-input,45.354834912547354,gaia-query-id-input,-51.61922366655915,gaia-query-id-input,29.45270087996366,gaia-query-id-input,NAN,input,3.9118566513061523,gaia-query-id-input,4.02802038192749,gaia-query-id-input,3.982555866241455,gaia-query-id-input,2015.5,gaia-query-id-input,NAN,input,GAMTRI|* gam Tri|*   9 Tri|AG+33  212|BD+33   397|CEL    245|FK5   79|GC  2742|GCRV  1264|GEN# +1.00014055|HD  14055|HIC  10670|HIP  10670|HR   664|IRAS 02143+3336|JP11   614|2MASS J02171888+3350500|N30  463|PLX  468|PLX  468.00|PMC 90-93    57|PPM  67170|ROT   320|SAO  55427|SKY#  3374|SRS  30079|TD1  1325|TYC 2318-1875-1|UBV    2304|UBV M   8847|uvby98 100014055|WEB  2246|WISE J021718.90+335049.4|[DML87]  45|Gaia DR2 326109689896474752,SIMBAD,1
TOI-442,input,3189306030970782208,gaia-query-id-gsheet,64.19022120988309,gaia-query-id-input,-12.084864293358281,gaia-query-id-input,49.766194862178956,gaia-query-id-input,-197.25313782873343,gaia-query-id-input,18.976787779460256,gaia-query-id-input,-8.03747835249799,gaia-query-id-input,11.728189468383789,gaia-query-id-input,12.742203712463379,gaia-query-id-input,10.751481056213379,gaia-query-id-input,2015.5,gaia-query-id-input,NAN,input,TOI-442|G 160-62|LP  714-47|2MASS J04164560-1205023|NLTT 12920|PM J04167-1205|RAVE J041645.6-120502|UCAC4 390-005323|WISEA J041645.63-120504.4|Gaia DR2 3189306030970782208,SIMBAD,1
V900MON,input,3050857592681422080,gaia-query-id-gsheet,104.34258743395958,gaia-query-id-input,-8.388241705346463,gaia-query-id-input,-1.7589495693319053,gaia-query-id-input,0.7518836670516506,gaia-query-id-input,0.6664544274382372,gaia-query-id-input,NAN,input,15.488893508911133,gaia-query-id-input,16.520841598510742,gaia-query-id-input,13.742751121520996,gaia-query-id-input,2015.5,gaia-query-id-input,NAN,input,V900MON|2MASS J06572222-0823176|UCAC4 409-021110|V* V900 Mon|WISE J065722.22-082317.6|Gaia DR2 3050857592681422080,SIMBAD,1
NYORI,input,3017373714110400128,gaia-query-id-gsheet,83.90004427407578,gaia-query-id-input,-5.207033689886556,gaia-query-id-input,1.6330325437064146,gaia-query-id-input,-1.7100016588110132,gaia-query-id-input,2.360922976374042,gaia-query-id-input,NAN,input,14.018243789672852,gaia-query-id-input,15.114337921142578,gaia-query-id-input,13.213735580444336,gaia-query-id-input,2015.5,gaia-query-id-input,NAN,input,NYORI|2MASS J05353601-0512253|HBC 148|JW  917|Kiso A-0976 189|2MASSI J0535360-051225|PACH 292|Parenago  2119|TKK  1046|TKK J05353601-0512252|V* NY Ori|[CHS2001] 11255|[DRH2012] 1313|[DRS2009] 71|[FHM2008] S1-ap148|[H97b] 917|[JMO94] 161|[KHT2016] ONC RV835|[MGM2012] 2250|[S58] 190|[TKT2002] I278|Gaia DR2 3017373714110400128,SIMBAD,1
V883ORI,input,3016106909210376704,gaia-query-id-gsheet,84.57542042548948,gaia-query-id-input,-7.040554124465152,gaia-query-id-input,3.3385997131401797,gaia-query-id-input,-2.0453982927476617,gaia-query-id-input,3.709328663968694,gaia-query-id-input,NAN,input,16.658008575439453,gaia-query-id-input,19.88820457458496,gaia-query-id-input,14.794293403625488,gaia-query-id-input,2015.5,gaia-query-id-input,NAN,input,V883ORI|2MASS J05381810-0702259|HBC 489|HH  183|HOPS 376|SDSS J053818.10-070226.0|V* V883 Ori|[FKV2013] 1247|[MGM2012] 670|Gaia DR2 3016106909210376704,SIMBAD,1
ZETLEP,input,2996171698248345984,gaia-query-id-gsheet,86.73885884433244,gaia-query-id-input,-14.82195344283765,gaia-query-id-input,-15.65974984478887,gaia-query-id-input,-1.3848210393186,gaia-query-id-input,45.71714404398792,gaia-query-id-input,NAN,input,3.454134225845337,gaia-query-id-input,3.6849865913391113,gaia-query-id-input,3.42995023727417,gaia-query-id-input,2015.5,gaia-query-id-input,NAN,input,ZETLEP|* zet Lep|*  14 Lep|BD-14  1232|FK5  219|GC  7247|GCRV  3591|GEN# +1.00038678|GJ  9190|GJ   217.1|GSC 05359-01778|HD  38678|HIC  27288|HIP  27288|HR  1998|IRAS 05446-1450|JP11  1259|2MASS J05465735-1449189|N30 1240|PLX 1326|PLX 1326.00|PMC 90-93   157|PPM 216268|ROT   925|SACS 125|SAO 150801|SKY#  9500|TD1  5348|TYC 5359-1778-1|UBV    5925|UBV M  11498|uvby98 100038678|WEB  5364|YZ 104  1761|Gaia DR2 2996171698248345984,SIMBAD,1
TOI-876,input,2963392606627366912,gaia-query-id-gsheet,84.10933443953188,gaia-query-id-input,-24.244443828238357,gaia-query-id-input,102.72354631109393,gaia-query-id-input,-136.42749619201106,gaia-query-id-input,12.761071704262147,gaia-query-id-input,7.851725624164183,gaia-query-id-input,12.48824405670166,gaia-query-id-input,13.424562454223633,gaia-query-id-input,11.543610572814941,gaia-query-id-input,2015.5,gaia-query-id-input,NAN,input,TOI-876|LP  837-48|2MASS J05362611-2414377|NLTT 15371|Gaia DR2 2963392606627366912,SIMBAD,1
HR2180,input,2916794444848455168,gaia-query-id-gsheet,92.24111386027064,gaia-query-id-input,-22.427564635440376,gaia-query-id-input,-2.4560866035056996,gaia-query-id-input,-40.28080610228416,gaia-query-id-input,13.303658459967748,gaia-query-id-input,NAN,input,5.458801746368408,gaia-query-id-input,5.479490756988525,gaia-query-id-input,5.484995365142822,gaia-query-id-input,2015.5,gaia-query-id-input,NAN,input,HR2180|HD  42301|BD-22  1327|CD-22  1327|CD-22  2793|CPD-22  1079|FK5 1165|GC  7830|GCRV  3877|GEN# +1.00042301|GSC 05945-02604|HIC  29150|HIP  29150|HR  2180|2MASS J06085786-2225385|N30 1319|PLX 1423|PLX 1423.00|PMC 90-93   782|PPM 249913|SACS 136|SAO 171293|SKY# 10300|SRS  31165|TD1  6232|TYC 5945-2604-1|UBV    6213|UBV M  11820|uvby98 100042301|WEB  5718|YZ 112  3280|Gaia DR2 2916794444848455168|Gaia DR1 2916794444848426752,SIMBAD,1
GJ1289,input,2879455480941956736,gaia-query-id-gsheet,355.78134636529524,gaia-query-id-input,36.5363314154581,gaia-query-id-input,942.2646250280877,gaia-query-id-input,-151.39173693406593,gaia-query-id-input,119.71064446650152,gaia-query-id-input,NAN,input,11.15336799621582,gaia-query-id-input,12.9298677444458,gaia-query-id-input,9.912991523742676,gaia-query-id-input,2015.5,gaia-query-id-input,NAN,input,GJ1289|LHS  4003|CSI+36-23406|GALEX 6372217670673108177|GEN# +9.80130004|G 190-43|G 130-4|G 171-12|GJ  1289|Karmn J23431+365|LSPM J2343+3632|2MASS J23430628+3632132|NLTT 57748|PLX 5741.21|PM J23431+3632|UBV M  53771|USNO 100|USNO 686|USNO-B1.0 1265-00549220|WISEA J234307.14+363211.5|Zkh 354|[RHG95]  3748|Gaia DR2 2879455480941956736,SIMBAD,1
74PSCB,input,2790497465471261568,gaia-query-id-gsheet,16.424050614988733,gaia-query-id-input,21.465379123498803,gaia-query-id-input,55.106238270819865,gaia-query-id-input,-16.113193665143434,gaia-query-id-input,11.653882734487397,gaia-query-id-input,NAN,input,5.527400016784668,gaia-query-id-input,5.529488563537598,gaia-query-id-input,5.600372791290283,gaia-query-id-input,2015.5,gaia-query-id-input,NAN,input,74PSCB|HD   6457|* psi01 Psc B|*  74 Psc B|ADS   899 B|AG+21   95|BD+20   157|CCDM J01057+2128B|GC  1310|GCRV   621|GEN# +1.00006457|GSC 01202-02125|HIC   5132|HIP   5132|HR   311|IDS 01003+2056 B|2MASS J01054169+2127555|PPM  90462|ROT   166|SAO  74483|SKY#  1670|TYC 1202-2125-1|UBV    1080|UBV M   7917|uvby98 100006457|WDS J01057+2128B|WEB  1056|Gaia DR2 2790497465471261568,SIMBAD,1
HR1314,input,275189932031936000,gaia-query-id-gsheet,64.17942000900042,gaia-query-id-input,53.611799272738956,gaia-query-id-input,-16.772647918388504,gaia-query-id-input,-1.7700939954970967,gaia-query-id-input,11.127808363333331,gaia-query-id-input,NAN,input,5.14210844039917,gaia-query-id-input,5.2117414474487305,gaia-query-id-input,5.107210636138916,gaia-query-id-input,2015.5,gaia-query-id-input,NAN,input,HR1314|HD  26764|AG+53  373|BD+53   750|FK5 2310|GC  5132|GCRV  2433|GEN# +1.00026764|GSC 03719-01538|HIC  19949|HIP  19949|HR  1314|IRAS 04128+5329|2MASS J04164310+5336423|N30  877|PLX  936|PLX  936.00|PPM  29033|ROT   621|SAO  24512|SKY#  6542|TD1  2938|TYC 3719-1538-1|UBV    4113|UBV M  10018|uvby98 100026764|WEB  3807|Gaia DR2 275189932031936000,SIMBAD,1
17PEG,input,2728431923869085056,gaia-query-id-gsheet,329.23476152306256,gaia-query-id-input,12.076433824111238,gaia-query-id-input,-27.509762784888107,gaia-query-id-input,-12.815500645503619,gaia-query-id-input,7.583223795180946,gaia-query-id-input,NAN,input,5.504919528961182,gaia-query-id-input,5.552576541900635,gaia-query-id-input,5.4570722579956055,gaia-query-id-input,2015.5,gaia-query-id-input,NAN,input,17PEG|*  17 Peg|AG+11 2735|BD+11  4696|FK5 3751|GC 30719|GCRV 13788|GEN# +1.00208565|GSC 01130-01972|HD 208565|HIC 108339|HIP 108339|HR  8373|2MASS J21565637+1204354|N30 4836|PPM 140856|ROT  3192|SAO 107528|SKY# 41820|TD1 28611|TYC 1130-1972-1|UBV   18771|UBV M  26010|uvby98 100208565|WEB 19513|YZ  11  8738|Gaia DR2 2728431923869085056,SIMBAD,1
GL846,input,2683023811628007296,gaia-query-id-gsheet,330.54086462402756,gaia-query-id-input,1.3990311187671667,gaia-query-id-input,-452.4301334362459,gaia-query-id-input,-278.5815343573011,gaia-query-id-input,94.7419459224296,gaia-query-id-input,17.698307887367523,gaia-query-id-input,8.402328491210938,gaia-query-id-input,9.40916633605957,gaia-query-id-input,7.437790870666504,gaia-query-id-input,2015.5,gaia-query-id-input,3880.0,HEADER[CFHT],GL846|LHS  3745|AG+01 2676|ASCC 1175435|BD+00  4810|Ci 20 1331|DO  7683|GCRV 13839|GEN# +1.00209290|G  18-16|G  27-5|G  26-44|G  93-66|GJ   846|HD 209290|HIC 108782|HIP 108782|IRAS 21596+0109|Karmn J22021+014|LFT 1678|LSPM J2202+0124|LTT 16435|2MASS J22021026+0124006|MCC 335|NLTT 52725|PLX 5318|PLX 5318.00|PM 21596+0110|PM J22021+0124|PPM 172573|TYC  558-1540-1|UBV M  26062|UBV   18818|UCAC4 458-125308|USNO-B1.0 0914-00554481|VVO  73|WEB 19569|WISEA J220209.96+012358.0|Wolf 1340|Zkh 327|[HFE83] 1478|[RHG95]  3458|Gaia DR2 2683023811628007296|Gaia DR1 2683023807333389952,SIMBAD,1
59PEG,input,2665976777193321600,gaia-query-id-gsheet,347.934091421241,gaia-query-id-input,8.72009375018093,gaia-query-id-input,-7.742445696210631,gaia-query-id-input,-4.523715990876353,gaia-query-id-input,13.091912221160026,gaia-query-id-input,NAN,input,5.082010269165039,gaia-query-id-input,5.205014228820801,gaia-query-id-input,4.9997758865356445,gaia-query-id-input,2015.5,gaia-query-id-input,NAN,input,59PEG|*  59 Peg|AG+08 3201|BD+07  4991|FK5 1606|GC 32302|GCRV 14557|GEN# +1.00218918|GSC 01161-01795|HD 218918|HIC 114520|HIP 114520|HR  8826|IRAS 23092+0827|2MASS J23114419+0843122|N30 5100|PLX 5612|PLX 5612.00|PMC 90-93  1142|PPM 173843|ROT  3376|SAO 128022|SKY# 43996|TD1 29684|TYC 1161-1795-1|UBV   19847|UBV M  26884|uvby98 100218918|WEB 20323|YZ   8 11552|Gaia DR2 2665976777193321600,SIMBAD,1
GJ9827,input,2643842302456085888,gaia-query-id-gsheet,351.7717762576292,gaia-query-id-input,-1.2853434765186125,gaia-query-id-input,376.019324116998,gaia-query-id-input,216.07104197756084,gaia-query-id-input,33.685488891437814,gaia-query-id-input,NAN,input,9.837730407714844,gaia-query-id-input,10.60095500946045,gaia-query-id-input,9.01566219329834,gaia-query-id-input,2015.5,gaia-query-id-input,NAN,input,GJ9827|G 157-63|BD-02  5958|DENIS J232704.7-011710|EPIC 246389858|GCRV 14711|GEN# -0.00205958|GJ  9827|HIC 115752|HIP 115752|K2-135|LTT  9542|2MASS J23270480-0117108|MCC  78|NLTT 56901|PLX 5678.1|PLX 5678.10|PPM 709671|StKM 2-1732|UBV   20128|UBV M   5122|UCAC4 444-131738|WEB 20484|WISEA J232705.10-011708.2|[RHG95]  3696|Gaia DR2 2643842302456085888,SIMBAD,1
GJ1286,input,2640434056928150400,gaia-query-id-gsheet,353.79696079537575,gaia-query-id-input,-2.3926824566295655,gaia-query-id-input,781.6683425895666,gaia-query-id-input,-841.4214940954768,gaia-query-id-input,139.3100408404015,gaia-query-id-input,NAN,input,12.64023494720459,gaia-query-id-input,14.973761558532715,gaia-query-id-input,11.253122329711914,gaia-query-id-input,2015.5,gaia-query-id-input,NAN,input,GJ1286|LHS   546|EPIC 246333864|GALEX 2908236980274858545|GEN# +9.80157077|G 157-77|GJ  1286|Karmn J23351-023|2MASS J23351050-0223214|NLTT 57290|8pc 138.30|PLX 5703.11|PM J23351-0223|UCAC4 439-123945|USNO 474|WISEA J233511.02-022329.7|Zkh 351|[RHG95]  3715|Gaia DR2 2640434056928150400,SIMBAD,1
TRAPPIST-1,input,2635476908753563008,gaia-query-id-gsheet,346.62639186971415,gaia-query-id-input,-5.043461802206886,gaia-query-id-input,930.8785357703113,gaia-query-id-input,-479.40341833983086,gaia-query-id-input,80.45124261077767,gaia-query-id-input,NAN,input,15.645121574401855,gaia-query-id-input,18.998159408569336,gaia-query-id-input,14.096701622009277,gaia-query-id-input,2015.5,gaia-query-id-input,NAN,input,TRAPPIST-1|EPIC 246199087|EPIC 200164267|K2-112|Karmn J23064-050|2MASS J23062928-0502285|2MASSI J2306292-050227|2MASSW J2306292-050227|2MUCD 12171|TRAPPIST-1|WISEA J230630.02-050234.1|Gaia DR2 2635476908753563008,SIMBAD,1
GL876,input,2603090003484152064,gaia-query-id-gsheet,343.32397371221697,gaia-query-id-input,-14.26659581558406,gaia-query-id-input,957.9610934862383,gaia-query-id-input,-673.6380843821457,gaia-query-id-input,213.86686187906741,gaia-query-id-input,NAN,input,8.875298500061035,gaia-query-id-input,10.477265357971191,gaia-query-id-input,7.661839962005615,gaia-query-id-input,2015.5,gaia-query-id-input,NAN,input,GL876|BD-15  6290|Ci 20 1387|EPIC 206019387|EPIC 206019392|GCRV 14365|GEN# -0.01506290|G 156-57A|G 156-57|GJ   876 A|GJ   876|GSC 05819-00957|HIC 113020|HIP 113020|JP11   295|Karmn J22532-142|LFT 1745|LHS   530|LPM 841|LTT  9244|2MASS J22531672-1415489|MCC 337|NC 59|NLTT 55130|8pc 212.69A|PLX 5546|PLX 5546.00|PM J22532-1415|Ross  780|TYC 5819-1255-1|UBV   19209|UBV   19610|UBV M   5470|UCAC2  26801725|UCAC4 379-165686|V* IL Aqr|WEB 20121|WISEA J225317.42-141556.1|Zkh 338|[RHG95]  3604|Gaia DR2 2603090003484152064,SIMBAD,1
G272-127,input,2462426800883156480,gaia-query-id-gsheet,29.294447491756546,gaia-query-id-input,-10.24920015447704,gaia-query-id-input,-369.0782786479419,gaia-query-id-input,-246.28403825917718,gaia-query-id-input,29.800500925780803,gaia-query-id-input,-8.291976159470032,gaia-query-id-input,10.521717071533203,gaia-query-id-input,11.456628799438477,gaia-query-id-input,9.598311424255371,gaia-query-id-input,2015.5,gaia-query-id-input,NAN,input,G272-127|G 272-127|** GAL  315B|** LDS   60B|CCDM J01572-1015B|CSI-10   403  2|GEN# +1.00011964B|GJ    81.1 B|GJ  9063 B|HD  11964B|IDS 01522-1043 B|Karmn J01571-102|LP  709-81|LTT  1039|2MASS J01571110-1014528|NLTT  6530|PPM 709944|RAVE J015711.1-101453|StKM 2-169|TYC 5278-2442-1|UCAC2  28128241|UCAC4 399-002156|WDS J01572-1015B|[RHG95]   347|Gaia DR2 2462426800883156480,SIMBAD,1
GJ1002,input,2441630500517079808,gaia-query-id-gsheet,1.6764641244063048,gaia-query-id-input,-7.546212317389292,gaia-query-id-input,-811.4803545203705,gaia-query-id-input,-1892.9045860487563,gaia-query-id-input,206.2134325090654,gaia-query-id-input,NAN,input,11.780394554138184,gaia-query-id-input,14.096053123474121,gaia-query-id-input,10.404629707336426,gaia-query-id-input,2015.5,gaia-query-id-input,NAN,input,GJ1002|LHS     2|FBS L 10-3|FBS 0004-077|GEN# +9.80158027|G 158-27|GJ  1002|JP11  5942|Karmn J00067-075|2MASS J00064325-0732147|NLTT   248|NSV 15022|8pc 213.00|PLX    9.0|PLX    9.01|PM 00042-0747|UBV M  53816|UCAC4 413-000170|USNO 210|WISEA J000642.61-073237.0|Zkh   3|[RHG95]    19|Gaia DR2 2441630500517079808,SIMBAD,1
TOI-233,input,2402715141877299584,gaia-query-id-gsheet,343.7086124221665,gaia-query-id-input,-18.912445059498676,gaia-query-id-input,-317.83476001669834,gaia-query-id-input,-143.22087127002914,gaia-query-id-input,29.58055657197645,gaia-query-id-input,35.81710235011108,gaia-query-id-input,12.411102294921875,gaia-query-id-input,13.612269401550293,gaia-query-id-input,11.341919898986816,gaia-query-id-input,2015.5,gaia-query-id-input,NAN,input,TOI-233|LP  821-31|LEHPM 5281|2MASS J22545039-1854426|NLTT 55230|PM J22548-1854|RAVE J225450.4-185443|UCAC4 356-202464|WISEA J225450.17-185444.1|Gaia DR2 2402715141877299584,SIMBAD,1
TOI-1452,input,2264839957167921024,gaia-query-id-gsheet,290.17397412561667,gaia-query-id-input,73.19510820910169,gaia-query-id-input,7.829920897105147,gaia-query-id-input,-73.91316965409978,gaia-query-id-input,32.73518242342997,gaia-query-id-input,NAN,input,13.623285293579102,gaia-query-id-input,15.24514102935791,gaia-query-id-input,12.380824089050293,gaia-query-id-input,2015.5,gaia-query-id-input,NAN,input,TOI-1452,None,1
TOI-1759,input,2216420110788943744,gaia-query-id-gsheet,326.85166150105937,gaia-query-id-input,62.75381636116191,gaia-query-id-input,-173.46975076878982,gaia-query-id-input,-10.459468772674715,gaia-query-id-input,24.930228523064308,gaia-query-id-input,-61.33110142293083,gaia-query-id-input,10.83853530883789,gaia-query-id-input,11.738951683044434,gaia-query-id-input,9.933052062988281,gaia-query-id-input,2015.5,gaia-query-id-input,NAN,input,TOI-1759|TYC 4266-736-1|ASCC  146309|LSPM J2147+6245|2MASS J21472477+6245139|PM J21474+6245|UCAC4 764-062655|USNO-B1.0 1527-00385048|WISEA J214724.51+624513.8|Gaia DR2 2216420110788943744|Gaia DR1 2216420106486098048,SIMBAD,1
TYC3980-1081-1,input,2202703050388170880,gaia-query-id-gsheet,327.9089965447626,gaia-query-id-input,59.29445302189826,gaia-query-id-input,-79.19020587385242,gaia-query-id-input,10.516803796759074,gaia-query-id-input,123.05682256536944,gaia-query-id-input,NAN,input,9.38316535949707,gaia-query-id-input,10.867487907409668,gaia-query-id-input,8.21081829071045,gaia-query-id-input,2015.5,gaia-query-id-input,NAN,input,TYC3980-1081-1|TYC 3980-1081-1|** KPP 4252A|AKARI-IRC-V1 J2151382+591739|IRAS 21500+5903|2MASS J21513828+5917383|PM J21516+5917|1RXS J215138.0+591745|WDS J21516+5918A|Gaia DR2 2202703050388170880|Gaia DR1 2202703046092276096,SIMBAD,1
V1057CYG,input,2162235662383047040,gaia-query-id-gsheet,314.72387350009274,gaia-query-id-input,44.2578682127349,gaia-query-id-input,-2.7930716204403874,gaia-query-id-input,-3.813038633857569,gaia-query-id-input,1.086402800181942,gaia-query-id-input,NAN,input,11.424636840820312,gaia-query-id-input,12.675980567932129,gaia-query-id-input,10.31401538848877,gaia-query-id-input,2015.5,gaia-query-id-input,NAN,input,V1057CYG|2MASS J20585371+4415283|CSI+44-20571  2|EM* UHA   94|EM* LkHA  190|GEN# +6.20038190|GSC 03179-01055|HBC 300|HBHA 4204-02|JP11  5439|JP11  5293|MSX6C G085.4897-01.0466|SV* SON  7817|UCAC4 672-087538|uvby98 610300300|V* V1057 Cyg|WISE J205853.71+441528.2|[KW97] 53-38|[PCC93] 435|[RGS2011] J205853.74+441528.3|AAVSO 2055+43|Gaia DR2 2162235662383047040,SIMBAD,1
GL725A,input,2154880616773521408,gaia-query-id-gsheet,280.68343117914714,gaia-query-id-input,59.638108989051794,gaia-query-id-input,-1311.906757172246,gaia-query-id-input,1792.1848117006343,gaia-query-id-input,283.9489272331801,gaia-query-id-input,NAN,input,7.849442481994629,gaia-query-id-input,9.189675331115723,gaia-query-id-input,6.734623908996582,gaia-query-id-input,2015.5,gaia-query-id-input,3398.0,HEADER[CFHT],GL725A|LHS    58|** STF 2398A|** LDS 1466A|ADS 11632 A|AG+59 1185|ASCC  201775|BD+59  1915A|CCDM J18428+5937A|Ci 20 1105|Ci 18 2456|CSI+59  1915  1|DO 36465|GC 25648|GCRV 11183|GEN# +1.00173739A|G 227-46|G 229-13|GJ   725 A|HD 173739|HIC  91768|HIP  91768|JP11  3019|Karmn J18427+596N|LFT 1431|LSPM J1842+5937N|LTT 15522|2MASS J18424666+5937499|NLTT 46947|NSV 11288|8pc 280.28A|PLX 4330|PM J18427+5937N|PPM  36785|SAO  31128|TYC 3930-1791-1|UBV   15969|UBV M  23214|UCAC4 749-054798|USNO-B1.0 1496-00255595|WDS J18428+5938A|WEB 15792|WISEA J184244.96+593805.4|WISE J184244.93+593807.9|YZ  59  9945|Zkh 280|[RHG95]  2945|Gaia DR2 2154880616773521408|Gaia DR1 2154877657540108928,SIMBAD,1
GL725B,input,2154880616772528384,gaia-query-id-gsheet,280.68347103697664,gaia-query-id-input,59.63488676562468,gaia-query-id-input,-1400.02327982324,gaia-query-id-input,1862.40749525787,gaia-query-id-input,283.86244541795537,gaia-query-id-input,NAN,input,8.521575927734375,gaia-query-id-input,9.986560821533203,gaia-query-id-input,7.358592987060547,gaia-query-id-input,2015.5,gaia-query-id-input,3106.0,HEADER[CFHT],GL725B|LHS    59|** LDS 1466B|** STF 2398B|ADS 11632 B|AG+59 1186|ASCC  201777|BD+59  1915B|CCDM J18428+5937B|Ci 20 1106|CSI+59  1915  2|GC 25649|GCRV 11184|G 227-47|G 229-14|GJ   725 B|HD 173740|HIC  91772|HIP  91772|IDS 18415+5931 B|JP11  3021|Karmn J18427+596S|LFT 1432|LSPM J1842+5937S|LTT 15523|2MASS J18424688+5937374|NLTT 46948|8pc 284.48B|PM J18427+5937S|PPM  36786|SAO  31129|TYC 3930-1791-2|UBV   15970|UBV M  23216|UCAC4 749-054799|USNO-B1.0 1496-00255603|WDS J18428+5938B|WEB 15793|WISE J184245.01+593755.9|YZ  59  9947|Zkh 281|[RHG95]  2946|Gaia DR2 2154880616772528384|Gaia DR1 2154877657540105216,SIMBAD,1
IOTCYG,input,2136270970157966464,gaia-query-id-gsheet,292.42663757339056,gaia-query-id-input,51.730328732256254,gaia-query-id-input,20.07199665223736,gaia-query-id-input,127.51342443693238,gaia-query-id-input,27.060349391210263,gaia-query-id-input,NAN,input,3.659245491027832,gaia-query-id-input,3.878511428833008,gaia-query-id-input,3.5873360633850098,gaia-query-id-input,2015.5,gaia-query-id-input,NAN,input,IOTCYG|* iot Cyg|*  10 Cyg|* iot02 Cyg|AG+51 1322|BD+51  2605|CEL   4776|FK5  733|GC 26947|GCRV 11936|GEN# +1.00184006|GSC 03555-02112|HD 184006|HIC  95853|HIP  95853|HR  7420|IRAS 19284+5137|JP11  3110|KIC 12650049|2MASS J19294236+5143472|N30 4326|PLX 4570|PLX 4570.00|PMC 90-93   522|PPM  37459|ROT  2809|SAO  31702|SKY# 36306|TD1 24876|TYC 3555-2112-1|UBV   16566|UBV M  23857|uvby98 100184006|WEB 16783|YZ  51  6043|Gaia DR2 2136270970157966464,SIMBAD,1
51DRA,input,2134604351047361920,gaia-query-id-gsheet,286.22982762843156,gaia-query-id-input,53.39674788378776,gaia-query-id-input,-4.391384041003458,gaia-query-id-input,21.902643897819832,gaia-query-id-input,8.891839162174596,gaia-query-id-input,NAN,input,5.385783672332764,gaia-query-id-input,5.397529125213623,gaia-query-id-input,5.427084922790527,gaia-query-id-input,2015.5,gaia-query-id-input,NAN,input,51DRA|*  51 Dra|AG+53 1191|BD+53  2178|GC 26290|GCRV 11557|GEN# +1.00178207|HD 178207|HGAM    733|HIC  93713|HIP  93713|HR  7251|2MASS J19045515+5323479|N30 4231|PLX 4448|PLX 4448.00|PMC 90-93  4951|PPM  37071|ROT  2726|SAO  31371|SKY# 35282|TD1 23938|TYC 3919-1316-1|UBV   16220|uvby98 100178207|WEB 16283|YZ  53  5853|Gaia DR2 2134604351047361920|Gaia DR1 2134604346750000256,SIMBAD,1
GJ4063,input,2110165780975185792,gaia-query-id-gsheet,278.65304136467836,gaia-query-id-input,40.12310663044946,gaia-query-id-input,57.72563445412844,gaia-query-id-input,-206.32259865834345,gaia-query-id-input,91.8544920403801,gaia-query-id-input,NAN,input,10.15342903137207,gaia-query-id-input,11.739319801330566,gaia-query-id-input,8.963359832763672,gaia-query-id-input,2015.5,gaia-query-id-input,NAN,input,GJ4063|LP  229-17|ASCC  421007|GJ  4063|Karmn J18346+401|LSPM J1834+4007|2MASS J18343664+4007266|NLTT 46690|PM J18346+4007W|StKM 2-1382|TYC 3109-1699-1|UCAC2  45843486|UCAC4 651-063412|USNO-B1.0 1301-00298017|WISEA J183436.71+400724.2|WISEP J183436.70+400724.3|[GAL2014] J18346+4007|[RHG95]  2921|Gaia DR2 2110165780975185792,SIMBAD,1
V1515CYG,input,2068538335168568192,gaia-query-id-gsheet,305.95005087951427,gaia-query-id-input,42.20713731351287,gaia-query-id-input,-2.7024178247431196,gaia-query-id-input,-5.582591542795594,gaia-query-id-input,0.991372516534509,gaia-query-id-input,NAN,input,12.702204704284668,gaia-query-id-input,13.802984237670898,gaia-query-id-input,11.646000862121582,gaia-query-id-input,2015.5,gaia-query-id-input,NAN,input,V1515CYG|2MASS J20234802+4212257|HBC 692|IRAS 20220+4202|NOMAD1 1322-0469999|UCAC4 662-088012|uvby98 610300692|V* V1515 Cyg|WISE J202348.01+421225.7|[KW97] 46-15|[MTK2011] F4  3|[Z97]  5|AAVSO 2020+41|Gaia DR2 2068538335168568192,SIMBAD,1
HD185603,input,2033123654092592384,gaia-query-id-gsheet,294.6614126147449,gaia-query-id-input,31.21920007309373,gaia-query-id-input,3.0956278483550275,gaia-query-id-input,-6.157331056711856,gaia-query-id-input,7.301483635420642,gaia-query-id-input,NAN,input,7.574923038482666,gaia-query-id-input,7.625087738037109,gaia-query-id-input,7.534428596496582,gaia-query-id-input,2015.5,gaia-query-id-input,NAN,input,HD185603|HD 185603|AG+31 1846|BD+30  3673|GEN# +1.00185603|GSC 02655-03344|HIC  96618|HIP  96618|KELT-20|LF  2 +31  176|MASCARA-2|2MASS J19383872+3113091|PPM  83273|SAO  68614|SKY# 36674|TD1 25169|TYC 2655-3344-1|uvby98 100185603|Gaia DR2 2033123654092592384|Gaia DR1 2033123649761760384,SIMBAD,1
HD207966B,input,1960631100090155264,gaia-query-id-gsheet,327.9735225203528,gaia-query-id-input,42.34298115257274,gaia-query-id-input,-173.07599697841283,gaia-query-id-input,-299.90944842169245,gaia-query-id-input,33.74871151825024,gaia-query-id-input,-25.902342121826432,gaia-query-id-input,10.707768440246582,gaia-query-id-input,11.703620910644531,gaia-query-id-input,9.744091987609863,gaia-query-id-input,2015.5,gaia-query-id-input,NAN,input,HD207966B|BD+41  4291B|** HO  172B|ADS 15400 B|ASCC  443072|CCDM J21519+4221B|CSI+41  4291  2|GJ   838.3 B|GJ  9760 B|HD 207966B|IDS 21479+4153 B|LSPM J2151+4220E|2MASS J21515386+4220390|PM J21518+4220E|TYC 3193-2107-2|UCAC4 662-101450|USNO-B1.0 1323-00540142|WDS J21519+4221B|[RHG95]  3427|Gaia DR2 1960631100090155264,SIMBAD,1
HR8489,input,1958476259155515008,gaia-query-id-gsheet,333.6851299168897,gaia-query-id-input,42.95380836433916,gaia-query-id-input,48.488778399132485,gaia-query-id-input,-20.49452327114905,gaia-query-id-input,12.222030344182178,gaia-query-id-input,NAN,input,5.695525646209717,gaia-query-id-input,5.716119766235352,gaia-query-id-input,5.7072434425354,gaia-query-id-input,2015.5,gaia-query-id-input,NAN,input,HR8489|HD 211211|AG+42 2150|BD+42  4333|FK5 3778|GC 31127|GCRV 13993|GEN# +1.00211211|GSC 03207-02263|HIC 109831|HIP 109831|HR  8489|2MASS J22144436+4257141|N30 4903|PMC 90-93  1463|PPM  62681|ROT  3241|SAO  51797|SKY# 42399|TD1 28928|TYC 3207-2263-1|uvby98 100211211|WEB 19726|Gaia DR2 1958476259155515008|Gaia DR1 1958476259155515008,SIMBAD,1
GL905,input,1926461164913660160,gaia-query-id-gsheet,355.47999369869643,gaia-query-id-input,44.170596761287726,gaia-query-id-input,112.69222419777644,gaia-query-id-input,-1592.0552364762707,gaia-query-id-input,316.9558463919487,gaia-query-id-input,NAN,input,10.365541458129883,gaia-query-id-input,12.559549331665039,gaia-query-id-input,9.028447151184082,gaia-query-id-input,2015.5,gaia-query-id-input,NAN,input,GL905|GJ   905|ASCC  451737|Ci 20 1445|CSI+43-23394|CSI+43-23394  1|CSV   5777|GAT 1360|GCRV 14848|GEN# +6.10010905|GEN# +9.80171010|G 171-10|G 190-42|IRAS 23394+4354|JP11  5182|Karmn J23419+441|LFT 1816|LHS   549|LSPM J2341+4410|LTT 16985|2MASS J23415498+4410407|NLTT 57692|8pc 316.00|PLX 5736|PLX 5736.00|PM 23394+4355|PM J23419+4410|RAFGL  905|Ross  248|1RXS J234155.0+441047|UBV M  42997|USNO 275|USNO 908|USNO-B1.0 1341-00523884|V* HH And|WEB 20625|WISEA J234155.15+441022.1|Zkh 353|[FS2003] 1203|[GKL99] 454|[RHG95]  3743|Gaia DR2 1926461164913660160,SIMBAD,1
TOI-1278,input,1867491607542113536,gaia-query-id-gsheet,320.47844415398913,gaia-query-id-input,35.648624982810034,gaia-query-id-input,-89.55569627034998,gaia-query-id-input,-46.868162915745586,gaia-query-id-input,13.202843084369707,gaia-query-id-input,-29.592036086316195,gaia-query-id-input,12.754328727722168,gaia-query-id-input,13.716791152954102,gaia-query-id-input,11.794553756713867,gaia-query-id-input,2015.5,gaia-query-id-input,NAN,input,TOI-1278,None,1
V582AUR,input,182897956784147328,gaia-query-id-gsheet,81.45473443988321,gaia-query-id-input,34.876167024341065,gaia-query-id-input,1.4530565575651588,gaia-query-id-input,-3.6647956474799326,gaia-query-id-input,1.0379199303719306,gaia-query-id-input,NAN,input,15.002847671508789,gaia-query-id-input,15.550700187683105,gaia-query-id-input,14.290640830993652,gaia-query-id-input,2015.5,gaia-query-id-input,NAN,input,V582AUR,None,1
HD189733,input,1827242816201846144,gaia-query-id-gsheet,300.18212228285347,gaia-query-id-input,22.709775924571368,gaia-query-id-input,-3.294453262018216,gaia-query-id-input,-250.2246973916767,gaia-query-id-input,50.56847244509109,gaia-query-id-input,-2.5457588119394003,gaia-query-id-input,7.414322853088379,gaia-query-id-input,7.913022041320801,gaia-query-id-input,6.808008670806885,gaia-query-id-input,2015.5,gaia-query-id-input,NAN,input,HD189733|HD 189733|** BAK    1A|AG+22 2072|ASCC  807144|BD+22  3887|EXO 195834+2234.6|GC 27741|GEN# +1.00189733|GJ  4130|GSC 02141-00972|HIC  98505|HIP  98505|LSPM J2000+2242|LTT 15851|2MASS J20004370+2242391|NLTT 48568|PPM 110211|1RXS J200043.3+224240|SAO  88060|SKY# 37530|SPOCS 3132|TYC 2141-972-1|USNO-B1.0 1127-00538857|uvby98 100189733|V* V452 Vul|WDS J20007+2243A|WISEA J200043.63+224236.1|Wolf  864|YZ  22  7419|Gaia DR2 1827242816201846144|Gaia DR1 1827242811876888960,SIMBAD,1
HR4687,input,1692365552989740928,gaia-query-id-gsheet,184.70767666519296,gaia-query-id-input,75.16057807509254,gaia-query-id-input,-35.41430850234652,gaia-query-id-input,4.102765894597008,gaia-query-id-input,10.140641218459756,gaia-query-id-input,NAN,input,5.434864521026611,gaia-query-id-input,5.488580226898193,gaia-query-id-input,5.419060707092285,gaia-query-id-input,2015.5,gaia-query-id-input,NAN,input,HR4687|HD 107193|AG+75  540|BD+75   470|EXO 1216.6+7526|FK5 2986|GC 16797|GCRV  7379|GEN# +1.00107193|GSC 04550-02114|HIC  60044|HIP  60044|HR  4687|IRAS 12165+7526|2MASS J12184995+7509379|PLX 2837|PLX 2837.00|PMC 90-93  1312|PPM   8128|Pul -3  930127|ROT  1805|SAO   7540|SKY# 23071|TD1 16203|TYC 4550-2114-1|UBV   11066|uvby98 100107193|WEB 10672|Gaia DR2 1692365552989740928,SIMBAD,1
HR6025,input,1643563042195991424,gaia-query-id-gsheet,241.5815810219019,gaia-query-id-input,67.81040729223767,gaia-query-id-input,-36.09625624167683,gaia-query-id-input,63.336055294455505,gaia-query-id-input,12.521668363572847,gaia-query-id-input,NAN,input,5.411320209503174,gaia-query-id-input,5.426241397857666,gaia-query-id-input,5.452073574066162,gaia-query-id-input,2015.5,gaia-query-id-input,NAN,input,HR6025|HD 145454|AG+67  690|BD+68   864|FK5 3276|GC 21705|GCRV  9286|GEN# +1.00145454|GSC 04419-02888|HIC  78893|HIP  78893|HR  6025|2MASS J16061971+6748365|N30 3620|PLX 3670|PLX 3670.00|PPM  19733|ROT  2289|SAO  16962|SKY# 29071|TD1 18940|TYC 4419-2888-1|UBV   13759|uvby98 100145454|WEB 13335|Gaia DR2 1643563042195991424,SIMBAD,1
GL617B,input,1642642957122493824,gaia-query-id-gsheet,244.18343117344804,gaia-query-id-input,67.25662827979252,gaia-query-id-input,-483.1676487607573,gaia-query-id-input,89.26611882464506,gaia-query-id-input,92.89762497186734,gaia-query-id-input,NAN,input,9.608551979064941,gaia-query-id-input,10.977083206176758,gaia-query-id-input,8.487093925476074,gaia-query-id-input,2015.5,gaia-query-id-input,NAN,input,GL617B|GJ   617 B|** ENG   57B|AC +67  5226|AC +67  5226-0|ASCC   86598|CCDM J16167+6715B|CSI+67   935  2|GALEX 6370950986031173392|GCRV 66176|GEN# +1.00147379B|GEN# +1.20147379|G 240-15|G 225-58|G 257-33|GSC 04195-01167|HIC  79762|HIP  79762|IDS 16166+6729 B|IDS 16165+6729 B|LFT 1264|LHS  3176|LSPM J1616+6715|LTT 14864|2MASS J16164537+6715224|NLTT 42489|PM J16167+6715|TYC 4195-1167-1|UBV   13870|UCAC4 787-024324|USNO-B1.0 1572-00194547|V* EW Dra|VVO 405|WDS J16167+6714B|WEB 13499|WISEA J161644.44+671523.3|[RHG95]  2567|Gaia DR2 1642642957122493824|Gaia DR1 1642642952826225024,SIMBAD,1
GL687,input,1637645127018395776,gaia-query-id-gsheet,264.10417311195084,gaia-query-id-input,68.33367405672519,gaia-query-id-input,-320.6355727083718,gaia-query-id-input,-1269.5279061432707,gaia-query-id-input,219.7807268372406,gaia-query-id-input,NAN,input,8.027544021606445,gaia-query-id-input,9.411893844604492,gaia-query-id-input,6.885950565338135,gaia-query-id-input,2015.5,gaia-query-id-input,NAN,input,GL687|LHS   450|** STU   10B|AG+68  732|ASCC   88385|BD+68   946|CCDM J17366+6822B|Ci 18 2354|Ci 20 1053|2E  3930|2E 1736.7+6822|GAT  732|GC 23926|GCRV 10198|GEN# +0.06800946|G 240-63|G 258-11|GJ   687|HIC  86162|HIP  86162|IDS 17370+6826 A|IRAS 17366+6822|JP11   237|Karmn J17364+683|LFT 1364|LSPM J1736+6820|LTT 15232|2MASS J17362594+6820220|MCC 322|NLTT 45190|8pc 220.85|PLX 4029|PLX 4029.00|PM J17364+6820|PPM  20469|RX J1736.4+6828|RX J1736.4+6820|1RXS J173627.2+682031|SAO  17568|TYC 4428-1943-1|UBV   15039|UBV M   4844|UCAC4 792-027376|USNO-B1.0 1583-00174990|WDS J17364+6820B|WEB 14533|Zkh 260|[GHM2003] 2100|[RHG95]  2797|[ZEH2003] RX J1736.4+6820  1|Gaia DR2 1637645127018395776|Gaia DR1 1637645328881199360,SIMBAD,1
CWTAU,input,163184091252903936,gaia-query-id-gsheet,63.57089090743795,gaia-query-id-input,28.182608665807507,gaia-query-id-input,8.278403079939682,gaia-query-id-input,-24.158765918525106,gaia-query-id-input,7.55035419668531,gaia-query-id-input,NAN,input,12.928546905517578,gaia-query-id-input,13.799646377563477,gaia-query-id-input,11.68838119506836,gaia-query-id-input,2015.5,gaia-query-id-input,NAN,input,CWTAU|2MASS J04141700+2810578|AKARI-IRC-V1 J0414170+281058|CSI+28-04113|GCRV 54857|GSC 01827-01207|HBC  25|HH  220|IRAS 04112+2803|Kim 3-39|MHA 259-3|PDS   5|PSCz P04112+2803|SSTtau 041417.0+281057|SV* SVS   688|SV* P  2613|UBV    4099|UCAC2  41665643|V* CW Tau|WISE J041417.00+281057.6|XEST 20-OM-005|XEST 20-046|[ABG2007] 321|[GBA2007] 302|[GMM2009] Tau L1495 18|[OMK98]  4|AAVSO 0408+27|Gaia DR2 163184091252903936,SIMBAD,1
82UMA,input,1560127186438933760,gaia-query-id-gsheet,204.87589433023257,gaia-query-id-input,52.921448311802266,gaia-query-id-input,-136.3774617447632,gaia-query-id-input,56.05851550155863,gaia-query-id-input,19.057624782185542,gaia-query-id-input,NAN,input,5.422179222106934,gaia-query-id-input,5.50984525680542,gaia-query-id-input,5.358896732330322,gaia-query-id-input,2015.5,gaia-query-id-input,NAN,input,82UMA|*  82 UMa|AG+53  912|BD+53  1640|GC 18473|GCRV  8077|GEN# +1.00119024|GSC 03851-00126|HD 119024|HIC  66634|HIP  66634|HR  5142|IRAS 13375+5310|2MASS J13393044+5255164|PLX 3123|PLX 3123.00|PPM  34131|ROT  1984|SAO  28832|SKY# 25105|TD1 16984|TYC 3851-126-1|UBV   12241|UBV M  19616|uvby98 100119024|WEB 11754|WISE J133930.29+525517.0|YZ  53  4333|Gaia DR2 1560127186438933760,SIMBAD,1
DOTAU,input,148449913884294528,gaia-query-id-gsheet,69.61914697103495,gaia-query-id-input,26.180317029110736,gaia-query-id-input,6.128117982664835,gaia-query-id-input,-21.339538453258786,gaia-query-id-input,7.174606406818927,gaia-query-id-input,NAN,input,12.395218849182129,gaia-query-id-input,13.324254035949707,gaia-query-id-input,11.275832176208496,gaia-query-id-input,2015.5,gaia-query-id-input,NAN,input,DOTAU|2MASS J04382858+2610494|AKARI-IRC-V1 J0438285+261048|CSI+26-04354|EPIC 248049475|GCRV 55265|HBC  67|HH  230|IRAS 04353+2604|ITG  7|JCMTSE J043828.8+261050|JCMTSF J043828.8+261050|Kim 1-20|MHA 259-15|SSTc2d J043828.6+261049|SSTtau 043828.5+261049|SV* SVS  1086|UBV    4459|UCAC2  40978501|V* DO Tau|WDS J04385+2611C|WISE J043828.58+261049.4|[OMK98] 34|[TNS87]  3|Gaia DR2 148449913884294528,SIMBAD,1
V830TAU,input,147831571737487488,gaia-query-id-gsheet,68.29182586181001,gaia-query-id-input,24.5619241093963,gaia-query-id-input,7.247149415772014,gaia-query-id-input,-21.229668701077284,gaia-query-id-input,7.657143471413604,gaia-query-id-input,13.449446890915041,gaia-query-id-input,11.692837715148926,gaia-query-id-input,12.594632148742676,gaia-query-id-input,10.756246566772461,gaia-query-id-input,2015.5,gaia-query-id-input,NAN,input,V830TAU|2MASS J04331003+2433433|1E 0430.2+2459|2E  1085|2E 0430.1+2427|EPIC 247822311|GBS-VLA J043310.04+243343.1|GSC 01833-00843|HBC 405|IRAS C04301+2427|NAME WK X-2|NAME WK X-Ray 2|2RXP J043310.3+243345|1RXS J043309.8+243359|SSTc2d J043310.0+243343|SSTtau 043310.0+243343|1SWASP J043310.02+243343.7|TAP 46|V* V830 Tau|WISE J043310.03+243343.1|WK81 2|XEST 04-016|[FK83] LDN 1529 18|[GBA2007] 1542|[LLQ2015] TMO 35|[MWF83] P4|Gaia DR2 147831571737487488,SIMBAD,1
CITAU,input,145203159127518336,gaia-query-id-gsheet,68.46676845609888,gaia-query-id-input,22.84161922192693,gaia-query-id-input,8.904157542915696,gaia-query-id-input,-17.067288181383045,gaia-query-id-input,6.300788167116865,gaia-query-id-input,NAN,input,12.145403861999512,gaia-query-id-input,13.160184860229492,gaia-query-id-input,11.051352500915527,gaia-query-id-input,2015.5,gaia-query-id-input,NAN,input,CITAU|2MASS J04335200+2250301|AKARI-IRC-V1 J0433519+225030|AN  119.1925|CSI+22-04309|EPIC 247584113|GCRV 55186|GEN# +6.20078061|Haro 6-25|HBC  61|IRAS 04308+2244|IRAS F04308+2244|MHA 259-20|SSTtau 043352.0+225030|SV* SVS    64|SV* ZI   296|UBV    4378|UCAC2  39798018|V* CI Tau|WISE J043352.01+225030.0|XEST 17-OM-066|XEST 17-058|[ABG2007] 1602|[GBA2007] 1658|[OMK98] 32|Gaia DR2 145203159127518336,SIMBAD,1
LKCA15,input,144936836795636864,gaia-query-id-gsheet,69.8241790853911,gaia-query-id-input,22.35086617530374,gaia-query-id-input,10.471184796285629,gaia-query-id-input,-17.382995076628944,gaia-query-id-input,6.29465101657405,gaia-query-id-input,NAN,input,11.588703155517578,gaia-query-id-input,12.343515396118164,gaia-query-id-input,10.693791389465332,gaia-query-id-input,2015.5,gaia-query-id-input,NAN,input,LKCA15|2MASS J04391779+2221034|** KSA   25A|** LKCA   15Aa|AKARI-IRC-V1 J0439178+222103|EM* LkCa   15|EPIC 247520207|GSC 01278-00193|HBC 419|IRAS 04363+2215|IRAS F04363+2215|JCMTSE J043917.7+222102|JCMTSF J043917.7+222102|PSCz Q04363+2215|SSTtau 043917.7+222103|TYC 1278-193-1|UCAC2  39617972|V* V1079 Tau|WDS J04393+2221Aa|WDS J04393+2221A|WISE J043917.79+222103.3|WISE J043917.80+222103.3|Gaia DR2 144936836795636864,SIMBAD,1
SIGCRBC,input,1322906861255829376,gaia-query-id-gsheet,243.48296252813736,gaia-query-id-input,33.77297560073177,gaia-query-id-input,-287.74505068843655,gaia-query-id-input,-98.13199520845183,gaia-query-id-input,42.85565628290841,gaia-query-id-input,-12.324177354771624,gaia-query-id-input,11.2136869430542,gaia-query-id-input,12.531229972839355,gaia-query-id-input,10.103816032409668,gaia-query-id-input,2015.5,gaia-query-id-input,NAN,input,SIGCRBC|G 180-42|* sig CrB C|ADS  9979 C|ASCC  594436|BD+34  2750C|CCDM J16147+3352C|CSI+34  2750  2|CSI+33-16121|EXO 1612.0+3353|GALEX 6371443525364486656|GJ   615.2 C|GJ  9549|HAT 192-00422|HIC  79551|HIP  79551|Karmn J16139+337AB|LP  275-6|LSPM J1613+3346|LTT 14836|2MASS J16135630+3346243|NLTT 42306|PLX 3686.10|PLX 3686.1|PM J16139+3346|SDSS J161356.19+334623.8|TYC 2583-2153-1|UCAC2  43627792|UCAC4 619-051946|USNO-B1.0 1237-00254169|WDS J16147+3352C|WISEA J161356.03+334623.2|2XMM J161356.2+334624|[RHG95]  2557|Gaia DR2 1322906861255829376,SIMBAD,1
HD130917,input,1281505648559728640,gaia-query-id-gsheet,222.49341684779642,gaia-query-id-input,28.615828695926307,gaia-query-id-input,18.162722223599772,gaia-query-id-input,-0.7345368865484061,gaia-query-id-input,9.721078306121063,gaia-query-id-input,NAN,input,5.763899803161621,gaia-query-id-input,5.813130855560303,gaia-query-id-input,5.719314098358154,gaia-query-id-input,2015.5,gaia-query-id-input,NAN,input,HD130917|HD 130917|AG+28 1440|BD+29  2581|BDS  7024 A|CCDM J14500+2837A|CSI+29  2581  1|FK5 3171|GC 19966|GCRV  8615|GEN# +1.00130917|HIC  72552|HIP  72552|HR  5532|IDS 14457+2902 A|2MASS J14495840+2836568|N30 3349|PPM 103618|ROT  2119|SAO  83551|SKY# 26939|TD1 17763|TYC 2022-1296-1|UBV   12932|UBV M  20401|uvby98 100130917|WDS J14500+2837A|WEB 12474|YZ  28  6989|Gaia DR2 1281505648559728640|Gaia DR1 1281505644263769472,SIMBAD,1
TAUBOO,input,1244571953471006720,gaia-query-id-gsheet,206.8134593324645,gaia-query-id-input,17.45716469916912,gaia-query-id-input,-467.9094560943336,gaia-query-id-input,64.69475615376885,gaia-query-id-input,63.86375045697176,gaia-query-id-input,-16.94305556208496,gaia-query-id-input,4.2947869300842285,gaia-query-id-input,4.626564979553223,gaia-query-id-input,3.986590623855591,gaia-query-id-input,2015.5,gaia-query-id-input,NAN,input,TAUBOO|* tau Boo|* tau Boo A|*   4 Boo|** STT  270A|ADS  9025 A|AG+17 1387|AKARI-IRC-V1 J1347155+172724|ASCC  869404|BD+18  2782|CCDM J13473+1727A|Ci 20  807|CSI+18  2782  1|CSV   7085|2E  3138|2E 1344.8+1742|FK5  507|GC 18637|GCRV  8140|GEN# +1.00120136|GJ   527 A|GJ   527|GSC 01460-00132|HD 120136|HIC  67275|HIP  67275|HR  5185|IDS 13425+1757 A|IRAS 13448+1742|JP11  2426|LSPM J1347+1727|LTT 14021|2MASS J13471581+1727249|N30 3139|NLTT 35234|NSV  6444|PLX 3144|PMC 90-93   361|PPM 130070|RBS  1315|ROT  1996|RX J1347.2+1727|RX J1347.2+1726|1RXS J134716.2+172733|SAO 100706|SKY# 25297|SPOCS  577|TD1 17060|TYC 1460-132-1|UBV   12303|USNO-B1.0 1074-00267954|uvby98 100120136|WDS J13473+1727A|WEB 11837|WISEA J134715.36+172725.6|2XMM J134715.6+172726|YZ  17  5012|[HFE83]  972|[ZEH2003] RX J1347.2+1727  1|Gaia DR2 1244571953471006720,SIMBAD,1
BETSER,input,1195823284390905728,gaia-query-id-gsheet,236.54719147861366,gaia-query-id-input,15.42161298998665,gaia-query-id-input,67.09901363315626,gaia-query-id-input,-50.44336778680435,gaia-query-id-input,21.429691627076267,gaia-query-id-input,NAN,input,3.5494883060455322,gaia-query-id-input,3.7295966148376465,gaia-query-id-input,3.5474674701690674,gaia-query-id-input,2015.5,gaia-query-id-input,NAN,input,BETSER|* bet Ser|*  28 Ser|** STF 1970A|ADS  9778 A|AG+15 1580|AKARI-IRC-V1 J1546112+152518|BD+15  2911|CCDM J15461+1525A|CSI+15  2911  1|FK5  583|GC 21194|GCRV  9094|GEN# +1.00141003A|GSC 01495-01994|HD 141003|HGAM    641|HIC  77233|HIP  77233|HR  5867|IDS 15416+1544 A|IRAS 15438+1534|JP11  2645|2MASS J15461125+1525185|N30 3542|NAME Chow|PLX 3569|PMC 90-93   414|PPM 131676|ROT  2222|SAO 101725|SKY# 28510|SRS  30583|TD1 18546|TYC 1495-1994-1|UBV   13431|uvby98 100141003|WDS J15462+1525A|WEB 13088|YZ  15  5643|Gaia DR2 1195823284390905728,SIMBAD,1
GL445,input,1129149723913123456,gaia-query-id-gsheet,176.9388777726504,gaia-query-id-input,78.69323065377148,gaia-query-id-input,748.11068863092,gaia-query-id-input,480.6035976782664,gaia-query-id-input,190.26245327707687,gaia-query-id-input,NAN,input,9.540173530578613,gaia-query-id-input,11.073760986328125,gaia-query-id-input,8.36787223815918,gaia-query-id-input,2015.5,gaia-query-id-input,NAN,input,GL445|LHS  2459|AC +79  3883-0|AC +79  3888|AC +79  3888-0|ASCC   34165|CSI+78-11446|GCRV  7135|GEN# +9.80254029|GEN# +6.10010445|G 254-29|GJ   445|HIC  57544|HIP  57544|JP11  5142|LFT  849|LSPM J1147+7841|LTT 13235|2MASS J11474143+7841283|NLTT 28539|8pc 185.48|PLX 2722|PLX 2722.00|PM J11476+7841|TYC 4553-192-1|UCAC4 844-010540|USNO-B1.0 1686-00047479|WEB 10334|Zkh 168|[RHG95]  1845|Gaia DR2 1129149723913123456|Gaia DR1 1129149719617136384,SIMBAD,1
HR2209,input,1106980167886430592,gaia-query-id-gsheet,94.71159473859305,gaia-query-id-input,69.31930412261146,gaia-query-id-input,-1.777615997060848,gaia-query-id-input,-116.41692175192537,gaia-query-id-input,18.333364359040548,gaia-query-id-input,NAN,input,4.718692779541016,gaia-query-id-input,4.76502799987793,gaia-query-id-input,4.754733562469482,gaia-query-id-input,2015.5,gaia-query-id-input,NAN,input,HR2209|HD  42818|AG+69  293|BD+69   371|FK5  234|GC  8020|GCRV  3964|GEN# +1.00042818|GSC 04345-02051|HIC  29997|HIP  29997|HR  2209|IRAS 06133+6920|JP11  1340|2MASS J06185079+6919112|N30 1348|PLX 1436|PLX 1436.00|PMC 90-93   169|PPM  15683|ROT   994|SAO  13788|SKY# 10704|TD1  6375|TYC 4345-2051-1|UBV    6254|UBV M  11873|uvby98 100042818|WEB  5949|[HFE83]  433|Gaia DR2 1106980167886430592|Gaia DR1 1106980163586885632,SIMBAD,1
24LYN,input,1082548980858594560,gaia-query-id-gsheet,115.75142311635267,gaia-query-id-input,58.71013375302705,gaia-query-id-input,-37.010936189992194,gaia-query-id-input,-52.730348865133145,gaia-query-id-input,12.725388969421951,gaia-query-id-input,NAN,input,4.884690284729004,gaia-query-id-input,4.9808831214904785,gaia-query-id-input,4.837820529937744,gaia-query-id-input,2015.5,gaia-query-id-input,NAN,input,24LYN|*  24 Lyn|ADS  6285 A|AG+58  607|AKARI-IRC-V1 J0743003+584236|BD+59  1103|CCDM J07430+5843A|CSI+59  1103  1|FK5  292|GC 10343|GCRV  5121|GEN# +1.00061497A|GSC 03794-01738|HD  61497|HIC  37609|HIP  37609|HR  2946|IDS 07346+5857 A|IRAS 07387+5849|JP11  1581|2MASS J07430040+5842372|N30 1737|PLX 1806|PLX 1806.00|PMC 90-93   213|PPM  31272|ROT  1236|SAO  26474|SKY# 14252|TD1 10663|TYC 3794-1738-1|UBV    7356|UBV M  13483|uvby98 100061497 A|WDS J07430+5843A|WEB  7434|YZ  58  5184|Gaia DR2 1082548980858594560,SIMBAD,1
TYC4384-1735-1,input,1070387905514406400,gaia-query-id-gsheet,152.21825486302515,gaia-query-id-input,69.27662040330615,gaia-query-id-input,196.6307435826902,gaia-query-id-input,17.368991440138913,gaia-query-id-input,25.20160296374287,gaia-query-id-input,-27.748111640890897,gaia-query-id-input,10.84917163848877,gaia-query-id-input,11.77801513671875,gaia-query-id-input,9.927412033081055,gaia-query-id-input,2015.5,gaia-query-id-input,NAN,input,TYC4384-1735-1|TYC 4384-1735-1|ASCC   80588|Karmn J10088+692|LSPM J1008+6916|2MASS J10085177+6916357|PM J10088+6916|Pul -3  630354|TIC 103633434|TOI 1235|UCAC4 797-019598|USNO-B1.0 1592-00104225|WISEA J100852.20+691635.7|Gaia DR2 1070387905514406400|Gaia DR1 1070387901218437632,SIMBAD,1
GL338B,input,1022456104850892928,gaia-query-id-gsheet,138.59167219880297,gaia-query-id-input,52.68352106498607,gaia-query-id-input,-1573.1208259002117,gaia-query-id-input,-660.1206904240704,gaia-query-id-input,157.88508035574986,gaia-query-id-input,11.979391137538494,gaia-query-id-input,7.0477471351623535,gaia-query-id-input,7.977858066558838,gaia-query-id-input,6.124950408935547,gaia-query-id-input,2015.5,gaia-query-id-input,NAN,input,GL338B|HD  79211|** STF 1321B|ADS  7251 B|AG+52  753|AGKR  8302|ASCC  253742|BD+53  1321|CCDM J09144+5241B|GC 12728|GCRV  6030|GEN# +1.00079211|G 195-18|GJ   338 B|HIC 120005|HIP 120005|IDS 09078+5307 B|JP11  1781|Karmn J09144+526|LAL 18115|LFT  635|LHS   261|LSPM J0914+5241E|LTT 12426|2MASS J09142485+5241118|NLTT 21251|8pc 159.48B|PM J09144+5241|PPM  32060|RBS   755|RX J0914.4+5241|1RXS J091424.4+524118|SAO  27179|SKY# 17825|StKM 2-552|TYC 3806-1819-1|UBV    8825|UCAC4 714-048102|USNO-B1.0 1426-00239093|uvby98 100079211|WDS J09144+5241B|WEB  8638|YZC 26  3335|YZ  52  3335|Zkh 126|[GKL99] 198|[RHG95]  1452|[ZEH2003] RX J0914.4+5241  2|Gaia DR2 1022456104850892928|Gaia DR1 1022456100555749632,SIMBAD,1
